2026-01-01 06:49:39,855 - INFO - Starting Story Bible App - PyQt6 Version
2026-01-01 06:49:39,895 - INFO - Added beats column to chapters table
2026-01-01 06:49:39,896 - INFO - Migrating characters table schema...
2026-01-01 06:49:39,919 - INFO - Characters table migration complete.
2026-01-01 06:49:39,941 - INFO - Database initialized at C:\Users\user\Desktop\ai-desktop-assist\data\story_bible.db
2026-01-01 06:49:39,943 - ERROR - Model initialization failed: No .gguf model found in C:\Users\user\Desktop\ai-desktop-assist\models\llama
2026-01-01 06:49:40,491 - INFO - Background image loaded: C:\Users\user\Desktop\ai-desktop-assist\src\ui\assets\backgroundimg.png
2026-01-01 06:53:50,760 - INFO - Application exited cleanly.
2026-01-01 06:53:50,763 - INFO - App shutdown complete.
2026-01-01 07:05:01,619 - INFO - Starting Story Bible App - PyQt6 Version
2026-01-01 07:05:01,620 - INFO - Database initialized at C:\Users\user\Desktop\ai-desktop-assist\data\story_bible.db
2026-01-01 07:05:01,621 - ERROR - Model initialization failed: No .gguf model found in C:\Users\user\Desktop\ai-desktop-assist\models\llama
2026-01-01 07:05:01,682 - INFO - Background image loaded: C:\Users\user\Desktop\ai-desktop-assist\src\ui\assets\backgroundimg.png
2026-01-01 07:05:12,402 - INFO - Format action: bold
2026-01-01 07:10:33,819 - INFO - Application exited cleanly.
2026-01-01 07:10:33,819 - INFO - App shutdown complete.
2026-01-01 07:11:14,875 - INFO - Starting Story Bible App - PyQt6 Version
2026-01-01 07:11:14,875 - INFO - Database initialized at C:\Users\user\Desktop\ai-desktop-assist\data\story_bible.db
2026-01-01 07:11:14,875 - ERROR - Model initialization failed: No .gguf model found in C:\Users\user\Desktop\ai-desktop-assist\models\llama
2026-01-01 07:11:15,050 - INFO - Background image loaded: C:\Users\user\Desktop\ai-desktop-assist\src\ui\assets\backgroundimg.png
2026-01-01 07:14:44,061 - INFO - Starting Story Bible App - PyQt6 Version
2026-01-01 07:14:44,065 - INFO - Database initialized at C:\Users\user\Desktop\ai-desktop-assist\data\story_bible.db
2026-01-01 07:14:44,065 - ERROR - Model initialization failed: No .gguf model found in C:\Users\user\Desktop\ai-desktop-assist\models\llama
2026-01-01 07:14:44,128 - INFO - Background image loaded: C:\Users\user\Desktop\ai-desktop-assist\src\ui\assets\backgroundimg.png
2026-01-01 07:14:47,984 - INFO - Application exited cleanly.
2026-01-01 07:14:47,984 - INFO - App shutdown complete.
2026-01-01 07:18:44,527 - INFO - Starting Story Bible App - PyQt6 Version
2026-01-01 07:18:44,529 - INFO - Database initialized at C:\Users\user\Desktop\ai-desktop-assist\data\story_bible.db
2026-01-01 07:18:44,530 - ERROR - Model initialization failed: No .gguf model found in C:\Users\user\Desktop\ai-desktop-assist\models\llama
2026-01-01 07:18:44,588 - INFO - Background image loaded: C:\Users\user\Desktop\ai-desktop-assist\src\ui\assets\backgroundimg.png
2026-01-01 07:23:07,395 - INFO - Starting Story Bible App - PyQt6 Version
2026-01-01 07:23:07,396 - INFO - Database initialized at C:\Users\user\Desktop\ai-desktop-assist\data\story_bible.db
2026-01-01 07:23:07,396 - ERROR - Model initialization failed: No .gguf model found in C:\Users\user\Desktop\ai-desktop-assist\models\llama
2026-01-01 07:23:07,455 - INFO - Background image loaded: C:\Users\user\Desktop\ai-desktop-assist\src\ui\assets\backgroundimg.png
2026-01-01 07:26:20,851 - INFO - Starting Story Bible App - PyQt6 Version
2026-01-01 07:26:20,851 - INFO - Database initialized at C:\Users\user\Desktop\ai-desktop-assist\data\story_bible.db
2026-01-01 07:26:20,851 - ERROR - Model initialization failed: No .gguf model found in C:\Users\user\Desktop\ai-desktop-assist\models\llama
2026-01-01 07:26:20,919 - INFO - Background image loaded: C:\Users\user\Desktop\ai-desktop-assist\src\ui\assets\backgroundimg.png
2026-01-01 07:26:43,682 - ERROR - Failed to load story bible: tuple index out of range
2026-01-01 07:29:22,945 - INFO - Application exited cleanly.
2026-01-01 07:29:22,946 - INFO - App shutdown complete.
2026-01-01 07:30:21,670 - INFO - Starting Story Bible App - PyQt6 Version
2026-01-01 07:30:21,673 - INFO - Database initialized at C:\Users\user\Desktop\ai-desktop-assist\data\story_bible.db
2026-01-01 07:30:21,673 - ERROR - Model initialization failed: No .gguf model found in C:\Users\user\Desktop\ai-desktop-assist\models\llama
2026-01-01 07:30:21,730 - INFO - Background image loaded: C:\Users\user\Desktop\ai-desktop-assist\src\ui\assets\backgroundimg.png
2026-01-01 07:38:20,692 - INFO - Starting Story Bible App - PyQt6 Version
2026-01-01 07:38:20,695 - INFO - Database initialized at C:\Users\user\Desktop\ai-desktop-assist\data\story_bible.db
2026-01-01 07:38:20,696 - ERROR - Model initialization failed: No .gguf model found in C:\Users\user\Desktop\ai-desktop-assist\models\llama
2026-01-01 07:38:20,752 - INFO - Background image loaded: C:\Users\user\Desktop\ai-desktop-assist\src\ui\assets\backgroundimg.png
2026-01-01 07:41:20,499 - INFO - Starting Story Bible App - PyQt6 Version
2026-01-01 07:41:20,499 - INFO - Database initialized at C:\Users\user\Desktop\ai-desktop-assist\data\story_bible.db
2026-01-01 07:41:20,499 - ERROR - Model initialization failed: No .gguf model found in C:\Users\user\Desktop\ai-desktop-assist\models\llama
2026-01-01 07:41:20,565 - INFO - Background image loaded: C:\Users\user\Desktop\ai-desktop-assist\src\ui\assets\backgroundimg.png
2026-01-01 07:44:22,433 - INFO - Starting Story Bible App - PyQt6 Version
2026-01-01 07:44:22,435 - INFO - Database initialized at C:\Users\user\Desktop\ai-desktop-assist\data\story_bible.db
2026-01-01 07:44:22,435 - ERROR - Model initialization failed: No .gguf model found in C:\Users\user\Desktop\ai-desktop-assist\models\llama
2026-01-01 07:44:22,502 - INFO - Background image loaded: C:\Users\user\Desktop\ai-desktop-assist\src\ui\assets\backgroundimg.png
2026-01-01 07:46:07,241 - INFO - Starting Story Bible App - PyQt6 Version
2026-01-01 07:46:07,243 - INFO - Database initialized at C:\Users\user\Desktop\ai-desktop-assist\data\story_bible.db
2026-01-01 07:46:07,243 - ERROR - Model initialization failed: No .gguf model found in C:\Users\user\Desktop\ai-desktop-assist\models\llama
2026-01-01 07:46:07,315 - INFO - Background image loaded: C:\Users\user\Desktop\ai-desktop-assist\src\ui\assets\backgroundimg.png
2026-01-01 07:46:13,970 - ERROR - Failed to load story bible: tuple index out of range
2026-01-01 07:49:04,459 - INFO - Application exited cleanly.
2026-01-01 07:49:04,459 - INFO - App shutdown complete.
2026-01-01 08:04:08,591 - INFO - Starting Story Bible App - PyQt6 Version
2026-01-01 08:04:08,591 - INFO - Database initialized at C:\Users\user\Desktop\ai-desktop-assist\data\story_bible.db
2026-01-01 08:04:08,591 - ERROR - Model initialization failed: No .gguf model found in C:\Users\user\Desktop\ai-desktop-assist\models\llama
2026-01-01 08:04:08,657 - INFO - Background image loaded: C:\Users\user\Desktop\ai-desktop-assist\src\ui\assets\backgroundimg.png
2026-01-01 08:04:18,078 - ERROR - Failed to load story bible: tuple index out of range
2026-01-01 08:08:40,021 - INFO - Starting Story Bible App - PyQt6 Version
2026-01-01 08:08:40,023 - INFO - Database initialized at C:\Users\user\Desktop\ai-desktop-assist\data\story_bible.db
2026-01-01 08:08:40,024 - ERROR - Model initialization failed: No .gguf model found in C:\Users\user\Desktop\ai-desktop-assist\models\llama
2026-01-01 08:08:40,093 - INFO - Background image loaded: C:\Users\user\Desktop\ai-desktop-assist\src\ui\assets\backgroundimg.png
2026-01-01 08:15:32,513 - INFO - Format action applied: undo
2026-01-01 08:15:33,697 - INFO - Format action applied: redo
2026-01-01 08:15:34,992 - INFO - Format action applied: undo
2026-01-01 08:15:35,888 - INFO - Format action applied: redo
2026-01-01 08:15:38,620 - INFO - Format action applied: bold
2026-01-01 08:15:39,767 - INFO - Format action applied: bold
2026-01-01 08:15:40,360 - INFO - Format action applied: bold
2026-01-01 08:15:41,650 - INFO - Format action applied: italic
2026-01-01 08:15:42,783 - INFO - Format action applied: underline
2026-01-01 08:15:43,872 - INFO - Format action applied: strikethrough
2026-01-01 08:15:45,382 - INFO - Format action applied: strikethrough
2026-01-01 08:15:46,416 - INFO - Format action applied: bullet
2026-01-01 08:15:49,192 - INFO - Format action applied: undo
2026-01-01 08:15:49,712 - INFO - Format action applied: undo
2026-01-01 08:15:50,048 - INFO - Format action applied: undo
2026-01-01 08:15:50,264 - INFO - Format action applied: undo
2026-01-01 08:15:50,441 - INFO - Format action applied: undo
2026-01-01 08:15:50,632 - INFO - Format action applied: undo
2026-01-01 08:15:50,864 - INFO - Format action applied: undo
2026-01-01 08:15:51,089 - INFO - Format action applied: undo
2026-01-01 08:15:51,298 - INFO - Format action applied: undo
2026-01-01 08:15:51,503 - INFO - Format action applied: undo
2026-01-01 08:15:51,727 - INFO - Format action applied: undo
2026-01-01 08:15:52,038 - INFO - Format action applied: undo
2026-01-01 08:15:52,223 - INFO - Format action applied: undo
2026-01-01 08:15:59,248 - INFO - Format action applied: underline
2026-01-01 08:16:00,038 - INFO - Format action applied: underline
2026-01-01 08:16:01,223 - INFO - Format action applied: strikethrough
2026-01-01 08:16:01,767 - INFO - Format action applied: strikethrough
2026-01-01 08:16:02,590 - INFO - Format action applied: bullet
2026-01-01 08:16:04,599 - INFO - Format action applied: undo
2026-01-01 08:16:09,469 - INFO - Format action applied: numbered
2026-01-01 08:16:13,344 - INFO - Format action applied: undo
2026-01-01 08:17:26,320 - INFO - Format action applied: font
2026-01-01 08:17:29,315 - INFO - Format action applied: h2
2026-01-01 08:17:30,512 - INFO - Format action applied: h2
2026-01-01 08:17:31,216 - INFO - Format action applied: h2
2026-01-01 08:17:31,791 - INFO - Format action applied: h2
2026-01-01 08:17:32,488 - INFO - Format action applied: h2
2026-01-01 08:17:33,763 - INFO - Format action applied: h3
2026-01-01 08:17:34,479 - INFO - Format action applied: h3
2026-01-01 08:17:34,911 - INFO - Format action applied: h3
2026-01-01 08:17:35,119 - INFO - Format action applied: h3
2026-01-01 08:17:37,319 - INFO - Format action applied: undo
2026-01-01 08:17:37,687 - INFO - Format action applied: undo
2026-01-01 08:17:37,879 - INFO - Format action applied: undo
2026-01-01 08:17:38,073 - INFO - Format action applied: undo
2026-01-01 08:17:38,263 - INFO - Format action applied: undo
2026-01-01 08:17:38,448 - INFO - Format action applied: undo
2026-01-01 08:17:38,649 - INFO - Format action applied: undo
2026-01-01 08:17:38,856 - INFO - Format action applied: undo
2026-01-01 08:17:39,049 - INFO - Format action applied: undo
2026-01-01 08:17:39,272 - INFO - Format action applied: undo
2026-01-01 08:17:39,448 - INFO - Format action applied: undo
2026-01-01 08:17:39,640 - INFO - Format action applied: undo
2026-01-01 08:17:39,863 - INFO - Format action applied: undo
2026-01-01 08:17:40,088 - INFO - Format action applied: undo
2026-01-01 08:17:40,295 - INFO - Format action applied: undo
2026-01-01 08:17:40,479 - INFO - Format action applied: undo
2026-01-01 08:17:40,695 - INFO - Format action applied: undo
2026-01-01 08:17:40,894 - INFO - Format action applied: undo
2026-01-01 08:17:50,408 - INFO - Application exited cleanly.
2026-01-01 08:17:50,408 - INFO - App shutdown complete.
2026-01-01 08:19:55,714 - INFO - Starting Story Bible App - PyQt6 Version
2026-01-01 08:19:55,717 - INFO - Database initialized at C:\Users\user\Desktop\ai-desktop-assist\data\story_bible.db
2026-01-01 08:19:55,718 - ERROR - Model initialization failed: No .gguf model found in C:\Users\user\Desktop\ai-desktop-assist\models\llama
2026-01-01 08:19:55,781 - INFO - Background image loaded: C:\Users\user\Desktop\ai-desktop-assist\src\ui\assets\backgroundimg.png
2026-01-01 08:20:02,336 - INFO - Format action applied: strikethrough
2026-01-01 08:20:03,191 - INFO - Format action applied: strikethrough
2026-01-01 08:20:04,255 - INFO - Format action applied: underline
2026-01-01 08:20:04,735 - INFO - Format action applied: underline
2026-01-01 08:20:13,302 - INFO - Format action applied: font
2026-01-01 08:20:21,185 - INFO - Format action applied: h3
2026-01-01 08:20:24,567 - INFO - Format action applied: h3
2026-01-01 08:20:25,374 - INFO - Format action applied: h3
2026-01-01 08:20:25,799 - INFO - Format action applied: h3
2026-01-01 08:20:26,056 - INFO - Format action applied: h3
2026-01-01 08:20:26,240 - INFO - Format action applied: h3
2026-01-01 08:20:26,433 - INFO - Format action applied: h3
2026-01-01 08:20:26,638 - INFO - Format action applied: h3
2026-01-01 08:20:26,854 - INFO - Format action applied: h3
2026-01-01 08:20:27,071 - INFO - Format action applied: h3
2026-01-01 08:20:27,280 - INFO - Format action applied: h3
2026-01-01 08:20:27,471 - INFO - Format action applied: h3
2026-01-01 08:20:27,680 - INFO - Format action applied: h3
2026-01-01 08:20:27,887 - INFO - Format action applied: h3
2026-01-01 08:20:28,112 - INFO - Format action applied: h3
2026-01-01 08:20:28,329 - INFO - Format action applied: h3
2026-01-01 08:20:28,536 - INFO - Format action applied: h3
2026-01-01 08:20:28,758 - INFO - Format action applied: h3
2026-01-01 08:20:29,302 - INFO - Format action applied: h3
2026-01-01 08:20:29,728 - INFO - Format action applied: h3
2026-01-01 08:20:29,953 - INFO - Format action applied: h3
2026-01-01 08:20:31,519 - INFO - Format action applied: h2
2026-01-01 08:20:33,471 - INFO - Format action applied: h1
2026-01-01 08:20:35,015 - INFO - Format action applied: h2
2026-01-01 08:20:36,367 - INFO - Format action applied: h3
2026-01-01 08:20:38,821 - INFO - Format action applied: undo
2026-01-01 08:20:39,032 - INFO - Format action applied: undo
2026-01-01 08:20:39,238 - INFO - Format action applied: undo
2026-01-01 08:20:39,421 - INFO - Format action applied: undo
2026-01-01 08:20:39,617 - INFO - Format action applied: undo
2026-01-01 08:20:39,790 - INFO - Format action applied: undo
2026-01-01 08:20:39,975 - INFO - Format action applied: undo
2026-01-01 08:20:40,161 - INFO - Format action applied: undo
2026-01-01 08:20:40,360 - INFO - Format action applied: undo
2026-01-01 08:20:40,567 - INFO - Format action applied: undo
2026-01-01 08:20:40,774 - INFO - Format action applied: undo
2026-01-01 08:20:40,975 - INFO - Format action applied: undo
2026-01-01 08:20:41,152 - INFO - Format action applied: undo
2026-01-01 08:20:41,368 - INFO - Format action applied: undo
2026-01-01 08:20:41,592 - INFO - Format action applied: undo
2026-01-01 08:20:41,799 - INFO - Format action applied: undo
2026-01-01 08:20:42,031 - INFO - Format action applied: undo
2026-01-01 08:20:42,263 - INFO - Format action applied: undo
2026-01-01 08:20:42,464 - INFO - Format action applied: undo
2026-01-01 08:20:42,671 - INFO - Format action applied: undo
2026-01-01 08:20:42,881 - INFO - Format action applied: undo
2026-01-01 08:20:43,097 - INFO - Format action applied: undo
2026-01-01 08:20:43,329 - INFO - Format action applied: undo
2026-01-01 08:20:43,536 - INFO - Format action applied: undo
2026-01-01 08:20:43,735 - INFO - Format action applied: undo
2026-01-01 08:20:43,945 - INFO - Format action applied: undo
2026-01-01 08:20:44,152 - INFO - Format action applied: undo
2026-01-01 08:20:44,359 - INFO - Format action applied: undo
2026-01-01 08:20:44,568 - INFO - Format action applied: undo
2026-01-01 08:20:44,766 - INFO - Format action applied: undo
2026-01-01 08:20:44,973 - INFO - Format action applied: undo
2026-01-01 08:20:45,183 - INFO - Format action applied: undo
2026-01-01 08:20:45,397 - INFO - Format action applied: undo
2026-01-01 08:20:45,599 - INFO - Format action applied: undo
2026-01-01 08:20:45,815 - INFO - Format action applied: undo
2026-01-01 08:20:46,109 - INFO - Format action applied: undo
2026-01-01 08:20:46,311 - INFO - Format action applied: undo
2026-01-01 08:20:46,502 - INFO - Format action applied: undo
2026-01-01 08:20:46,855 - INFO - Format action applied: undo
2026-01-01 08:20:47,071 - INFO - Format action applied: undo
2026-01-01 08:20:47,694 - INFO - Format action applied: undo
2026-01-01 08:20:58,499 - INFO - Toolbar action: back - 
2026-01-01 08:20:59,078 - INFO - Toolbar action: back - 
2026-01-01 08:21:01,008 - INFO - Toolbar action: write - Continue Writing
2026-01-01 08:22:01,215 - INFO - Format action applied: h3
2026-01-01 08:22:04,336 - INFO - Format action applied: h3
2026-01-01 08:22:07,616 - INFO - Format action applied: undo
2026-01-01 08:22:07,831 - INFO - Format action applied: undo
2026-01-01 08:22:08,016 - INFO - Format action applied: undo
2026-01-01 08:22:08,207 - INFO - Format action applied: undo
2026-01-01 08:22:08,399 - INFO - Format action applied: undo
2026-01-01 08:22:08,592 - INFO - Format action applied: undo
2026-01-01 08:22:15,862 - INFO - Format action applied: h3
2026-01-01 08:22:17,133 - INFO - Format action applied: h3
2026-01-01 08:22:18,310 - INFO - Format action applied: h2
2026-01-01 08:22:19,241 - INFO - Format action applied: h1
2026-01-01 08:22:21,742 - INFO - Format action applied: undo
2026-01-01 08:22:22,038 - INFO - Format action applied: undo
2026-01-01 08:22:22,645 - INFO - Format action applied: undo
2026-01-01 08:22:23,334 - INFO - Format action applied: undo
2026-01-01 08:22:27,124 - INFO - Format action applied: h2
2026-01-01 08:22:29,038 - INFO - Format action applied: undo
2026-01-01 08:22:37,391 - INFO - Format action applied: h3
2026-01-01 08:22:41,590 - INFO - Format action applied: undo
2026-01-01 08:23:05,118 - INFO - Format action applied: undo
2026-01-01 08:23:05,318 - INFO - Format action applied: undo
2026-01-01 08:23:05,511 - INFO - Format action applied: undo
2026-01-01 08:23:05,710 - INFO - Format action applied: undo
2026-01-01 08:23:05,893 - INFO - Format action applied: undo
2026-01-01 08:23:06,078 - INFO - Format action applied: undo
2026-01-01 08:23:06,327 - INFO - Format action applied: undo
2026-01-01 08:23:18,632 - INFO - Format action applied: h3
2026-01-01 08:23:21,702 - INFO - Format action applied: undo
2026-01-01 08:23:22,311 - INFO - Format action applied: undo
2026-01-01 08:23:22,556 - INFO - Format action applied: undo
2026-01-01 08:23:22,767 - INFO - Format action applied: undo
2026-01-01 08:24:01,951 - INFO - Format action applied: redo
2026-01-01 08:24:03,632 - INFO - Format action applied: undo
2026-01-01 08:24:04,063 - INFO - Format action applied: undo
2026-01-01 08:24:04,262 - INFO - Format action applied: undo
2026-01-01 08:25:29,118 - INFO - Format action applied: bullet
2026-01-01 08:25:33,367 - INFO - Format action applied: bullet
2026-01-01 08:25:51,155 - INFO - Format action applied: bullet
2026-01-01 08:25:56,108 - INFO - Format action applied: bullet
2026-01-01 08:26:02,414 - INFO - Format action applied: numbered
2026-01-01 08:26:08,726 - INFO - Format action applied: numbered
2026-01-01 08:26:33,981 - INFO - Show trash clicked
2026-01-01 08:26:38,748 - ERROR - Failed to load story bible: tuple index out of range
2026-01-01 08:30:09,139 - INFO - Application exited cleanly.
2026-01-01 08:30:09,140 - INFO - App shutdown complete.
2026-01-01 08:36:43,184 - INFO - Starting Story Bible App - PyQt6 Version
2026-01-01 08:36:43,187 - INFO - Database initialized at C:\Users\user\Desktop\ai-desktop-assist\data\story_bible.db
2026-01-01 08:36:43,188 - ERROR - Model initialization failed: No .gguf model found in C:\Users\user\Desktop\ai-desktop-assist\models\llama
2026-01-01 08:36:43,253 - INFO - Background image loaded: C:\Users\user\Desktop\ai-desktop-assist\src\ui\assets\backgroundimg.png
2026-01-01 08:38:24,179 - INFO - Starting Story Bible App - PyQt6 Version
2026-01-01 08:38:24,179 - INFO - Database initialized at C:\Users\user\Desktop\ai-desktop-assist\data\story_bible.db
2026-01-01 08:38:24,179 - ERROR - Model initialization failed: No .gguf model found in C:\Users\user\Desktop\ai-desktop-assist\models\llama
2026-01-01 08:38:24,242 - INFO - Background image loaded: C:\Users\user\Desktop\ai-desktop-assist\src\ui\assets\backgroundimg.png
2026-01-01 08:40:06,566 - INFO - Starting Story Bible App - PyQt6 Version
2026-01-01 08:40:06,568 - INFO - Database initialized at C:\Users\user\Desktop\ai-desktop-assist\data\story_bible.db
2026-01-01 08:40:06,568 - ERROR - Model initialization failed: No .gguf model found in C:\Users\user\Desktop\ai-desktop-assist\models\llama
2026-01-01 08:40:06,631 - INFO - Background image loaded: C:\Users\user\Desktop\ai-desktop-assist\src\ui\assets\backgroundimg.png
2026-01-01 08:40:11,458 - ERROR - Failed to load story bible: tuple index out of range
2026-01-01 08:41:05,502 - INFO - Starting Story Bible App - PyQt6 Version
2026-01-01 08:41:05,502 - INFO - Database initialized at C:\Users\user\Desktop\ai-desktop-assist\data\story_bible.db
2026-01-01 08:41:05,502 - ERROR - Model initialization failed: No .gguf model found in C:\Users\user\Desktop\ai-desktop-assist\models\llama
2026-01-01 08:41:05,555 - INFO - Background image loaded: C:\Users\user\Desktop\ai-desktop-assist\src\ui\assets\backgroundimg.png
2026-01-01 08:41:16,858 - ERROR - Failed to load story bible: tuple index out of range
2026-01-01 08:41:35,774 - INFO - Created new character: Tola
2026-01-01 08:42:20,003 - INFO - Application exited cleanly.
2026-01-01 08:42:20,003 - INFO - App shutdown complete.
2026-01-01 08:42:23,324 - INFO - Application exited cleanly.
2026-01-01 08:42:23,324 - INFO - App shutdown complete.
2026-01-01 08:46:05,397 - INFO - Starting Story Bible App - PyQt6 Version
2026-01-01 08:46:05,401 - INFO - Database initialized at C:\Users\user\Desktop\ai-desktop-assist\data\story_bible.db
2026-01-01 08:46:05,402 - ERROR - Model initialization failed: No .gguf model found in C:\Users\user\Desktop\ai-desktop-assist\models\llama
2026-01-01 08:46:05,468 - INFO - Background image loaded: C:\Users\user\Desktop\ai-desktop-assist\src\ui\assets\backgroundimg.png
2026-01-01 08:46:13,539 - ERROR - Failed to load story bible: tuple index out of range
2026-01-01 08:47:22,953 - INFO - Format action applied: underline
2026-01-01 08:47:23,471 - INFO - Format action applied: underline
2026-01-01 08:47:24,743 - INFO - Format action applied: bold
2026-01-01 08:47:25,280 - INFO - Format action applied: bold
2026-01-01 08:47:27,623 - INFO - Format action applied: h2
2026-01-01 08:47:28,135 - INFO - Format action applied: h2
2026-01-01 08:47:29,686 - INFO - Format action applied: undo
2026-01-01 08:47:29,909 - INFO - Format action applied: undo
2026-01-01 08:47:30,101 - INFO - Format action applied: undo
2026-01-01 08:47:30,310 - INFO - Format action applied: undo
2026-01-01 08:47:30,534 - INFO - Format action applied: undo
2026-01-01 08:47:30,741 - INFO - Format action applied: undo
2026-01-01 08:47:30,925 - INFO - Format action applied: undo
2026-01-01 08:47:31,117 - INFO - Format action applied: undo
2026-01-01 08:47:31,325 - INFO - Format action applied: undo
2026-01-01 08:50:29,079 - INFO - Application exited cleanly.
2026-01-01 08:50:29,079 - INFO - App shutdown complete.
2026-01-01 08:50:34,188 - INFO - Starting Story Bible App - PyQt6 Version
2026-01-01 08:50:34,188 - INFO - Database initialized at C:\Users\user\Desktop\ai-desktop-assist\data\story_bible.db
2026-01-01 08:50:34,188 - ERROR - Model initialization failed: No .gguf model found in C:\Users\user\Desktop\ai-desktop-assist\models\llama
2026-01-01 08:50:34,252 - INFO - Background image loaded: C:\Users\user\Desktop\ai-desktop-assist\src\ui\assets\backgroundimg.png
2026-01-01 08:50:40,612 - ERROR - Failed to load story bible: tuple index out of range
2026-01-01 08:53:48,129 - INFO - Starting Story Bible App - PyQt6 Version
2026-01-01 08:53:48,131 - INFO - Database initialized at C:\Users\user\Desktop\ai-desktop-assist\data\story_bible.db
2026-01-01 08:53:48,132 - ERROR - Model initialization failed: No .gguf model found in C:\Users\user\Desktop\ai-desktop-assist\models\llama
2026-01-01 08:53:48,202 - INFO - Background image loaded: C:\Users\user\Desktop\ai-desktop-assist\src\ui\assets\backgroundimg.png
2026-01-01 08:54:00,660 - ERROR - Failed to load story bible: tuple index out of range
2026-01-01 08:54:09,161 - INFO - Created new character: fgh
2026-01-01 08:54:46,191 - INFO - Application exited cleanly.
2026-01-01 08:54:46,191 - INFO - App shutdown complete.
2026-01-01 08:55:07,443 - INFO - Starting Story Bible App - PyQt6 Version
2026-01-01 08:55:07,443 - INFO - Database initialized at C:\Users\user\Desktop\ai-desktop-assist\data\story_bible.db
2026-01-01 08:55:07,443 - ERROR - Model initialization failed: No .gguf model found in C:\Users\user\Desktop\ai-desktop-assist\models\llama
2026-01-01 08:55:07,522 - INFO - Background image loaded: C:\Users\user\Desktop\ai-desktop-assist\src\ui\assets\backgroundimg.png
2026-01-01 08:55:15,423 - ERROR - Failed to load story bible: tuple index out of range
2026-01-01 09:36:16,258 - INFO - Starting Story Bible App - PyQt6 Version
2026-01-01 09:36:16,259 - INFO - Database initialized at C:\Users\user\Desktop\ai-desktop-assist\data\story_bible.db
2026-01-01 09:36:16,259 - ERROR - Model initialization failed: No .gguf model found in C:\Users\user\Desktop\ai-desktop-assist\models\llama
2026-01-01 09:36:16,314 - INFO - Background image loaded: C:\Users\user\Desktop\ai-desktop-assist\src\ui\assets\backgroundimg.png
2026-01-01 09:36:31,699 - ERROR - Failed to load story bible: tuple index out of range
2026-01-01 09:37:08,926 - INFO - Starting Story Bible App - PyQt6 Version
2026-01-01 09:37:08,927 - INFO - Database initialized at C:\Users\user\Desktop\ai-desktop-assist\data\story_bible.db
2026-01-01 09:37:08,928 - ERROR - Model initialization failed: No .gguf model found in C:\Users\user\Desktop\ai-desktop-assist\models\llama
2026-01-01 09:37:08,994 - INFO - Background image loaded: C:\Users\user\Desktop\ai-desktop-assist\src\ui\assets\backgroundimg.png
2026-01-01 09:37:52,661 - ERROR - Failed to load story bible: tuple index out of range
2026-01-01 09:38:07,626 - INFO - Application exited cleanly.
2026-01-01 09:38:07,627 - INFO - App shutdown complete.
2026-01-01 09:38:08,862 - INFO - Application exited cleanly.
2026-01-01 09:38:08,863 - INFO - App shutdown complete.
2026-01-01 09:41:24,647 - INFO - Starting Story Bible App - PyQt6 Version
2026-01-01 09:41:24,650 - INFO - Database initialized at C:\Users\user\Desktop\ai-desktop-assist\data\story_bible.db
2026-01-01 09:41:24,651 - ERROR - Model initialization failed: No .gguf model found in C:\Users\user\Desktop\ai-desktop-assist\models\llama
2026-01-01 09:41:24,718 - INFO - Background image loaded: C:\Users\user\Desktop\ai-desktop-assist\src\ui\assets\backgroundimg.png
2026-01-01 09:42:27,133 - ERROR - Failed to load story bible: tuple index out of range
2026-01-01 09:42:59,848 - INFO - Application exited cleanly.
2026-01-01 09:42:59,848 - INFO - App shutdown complete.
2026-01-01 09:46:29,640 - INFO - Starting Story Bible App - PyQt6 Version
2026-01-01 09:46:29,643 - INFO - Database initialized at C:\Users\user\Desktop\ai-desktop-assist\data\story_bible.db
2026-01-01 09:46:29,643 - ERROR - Model initialization failed: No .gguf model found in C:\Users\user\Desktop\ai-desktop-assist\models\llama
2026-01-01 09:46:29,711 - INFO - Background image loaded: C:\Users\user\Desktop\ai-desktop-assist\src\ui\assets\backgroundimg.png
2026-01-01 09:47:07,739 - ERROR - Failed to load story bible: tuple index out of range
2026-01-01 09:47:41,628 - INFO - Application exited cleanly.
2026-01-01 09:47:41,629 - INFO - App shutdown complete.
2026-01-01 09:48:11,898 - INFO - Starting Story Bible App - PyQt6 Version
2026-01-01 09:48:11,900 - INFO - Database initialized at C:\Users\user\Desktop\ai-desktop-assist\data\story_bible.db
2026-01-01 09:48:11,901 - ERROR - Model initialization failed: No .gguf model found in C:\Users\user\Desktop\ai-desktop-assist\models\llama
2026-01-01 09:48:11,957 - INFO - Background image loaded: C:\Users\user\Desktop\ai-desktop-assist\src\ui\assets\backgroundimg.png
2026-01-01 09:48:17,868 - ERROR - Failed to load story bible: tuple index out of range
2026-01-01 09:48:29,766 - ERROR - Failed to load story bible: tuple index out of range
2026-01-01 09:48:31,565 - ERROR - Failed to load story bible: tuple index out of range
2026-01-01 09:48:31,758 - ERROR - Failed to load story bible: tuple index out of range
2026-01-01 09:54:20,963 - INFO - Starting Story Bible App - PyQt6 Version
2026-01-01 09:54:20,964 - INFO - Database initialized at C:\Users\user\Desktop\ai-desktop-assist\data\story_bible.db
2026-01-01 09:54:20,965 - ERROR - Model initialization failed: No .gguf model found in C:\Users\user\Desktop\ai-desktop-assist\models\llama
2026-01-01 09:54:21,023 - INFO - Background image loaded: C:\Users\user\Desktop\ai-desktop-assist\src\ui\assets\backgroundimg.png
2026-01-01 09:55:59,427 - ERROR - Failed to load story bible: tuple index out of range
2026-01-01 09:57:07,928 - INFO - Starting Story Bible App - PyQt6 Version
2026-01-01 09:57:07,930 - INFO - Database initialized at C:\Users\user\Desktop\ai-desktop-assist\data\story_bible.db
2026-01-01 09:57:07,930 - ERROR - Model initialization failed: No .gguf model found in C:\Users\user\Desktop\ai-desktop-assist\models\llama
2026-01-01 09:57:07,988 - INFO - Background image loaded: C:\Users\user\Desktop\ai-desktop-assist\src\ui\assets\backgroundimg.png
2026-01-01 09:57:11,756 - INFO - Application exited cleanly.
2026-01-01 09:57:11,756 - INFO - App shutdown complete.
2026-01-01 09:57:13,703 - INFO - Application exited cleanly.
2026-01-01 09:57:13,703 - INFO - App shutdown complete.
2026-01-01 09:57:20,378 - INFO - Starting Story Bible App - PyQt6 Version
2026-01-01 09:57:20,380 - INFO - Database initialized at C:\Users\user\Desktop\ai-desktop-assist\data\story_bible.db
2026-01-01 09:57:20,381 - ERROR - Model initialization failed: No .gguf model found in C:\Users\user\Desktop\ai-desktop-assist\models\llama
2026-01-01 09:57:20,439 - INFO - Background image loaded: C:\Users\user\Desktop\ai-desktop-assist\src\ui\assets\backgroundimg.png
2026-01-01 09:57:27,494 - INFO - Format action applied: undo
2026-01-01 09:57:28,782 - INFO - Format action applied: redo
2026-01-01 09:57:30,979 - INFO - Format action applied: h3
2026-01-01 09:57:53,148 - ERROR - Failed to load story bible: tuple index out of range
2026-01-01 10:02:01,563 - INFO - Starting Story Bible App - PyQt6 Version
2026-01-01 10:02:01,564 - INFO - Database initialized at C:\Users\user\Desktop\ai-desktop-assist\data\story_bible.db
2026-01-01 10:02:01,565 - ERROR - Model initialization failed: No .gguf model found in C:\Users\user\Desktop\ai-desktop-assist\models\llama
2026-01-01 10:02:01,618 - INFO - Background image loaded: C:\Users\user\Desktop\ai-desktop-assist\src\ui\assets\backgroundimg.png
2026-01-01 10:03:09,592 - INFO - Starting Story Bible App - PyQt6 Version
2026-01-01 10:03:09,593 - INFO - Database initialized at C:\Users\user\Desktop\ai-desktop-assist\data\story_bible.db
2026-01-01 10:03:09,593 - ERROR - Model initialization failed: No .gguf model found in C:\Users\user\Desktop\ai-desktop-assist\models\llama
2026-01-01 10:03:09,653 - INFO - Background image loaded: C:\Users\user\Desktop\ai-desktop-assist\src\ui\assets\backgroundimg.png
2026-01-01 10:03:15,693 - INFO - CharacterWidget.set_project_id called with project_id=1
2026-01-01 10:03:15,694 - INFO - CharacterWidget._load_characters called with project_id=1
2026-01-01 10:03:15,694 - INFO - CharacterWidget: Found 0 characters for project 1
2026-01-01 10:03:15,716 - ERROR - Failed to load story bible: tuple index out of range
2026-01-01 10:03:24,044 - INFO - Created new character: one
2026-01-01 10:03:24,044 - INFO - CharacterWidget._load_characters called with project_id=1
2026-01-01 10:03:24,046 - INFO - CharacterWidget: Found 1 characters for project 1
2026-01-01 10:03:24,047 - ERROR - Failed to load characters: cannot convert dictionary update sequence element #0 to a sequence
Traceback (most recent call last):
  File "C:\Users\user\Desktop\ai-desktop-assist\src\ui\character_components.py", line 706, in _load_characters
    char_data = dict(char_row)
TypeError: cannot convert dictionary update sequence element #0 to a sequence
2026-01-01 10:03:41,897 - INFO - Created new character: ty
2026-01-01 10:03:41,897 - INFO - CharacterWidget._load_characters called with project_id=1
2026-01-01 10:03:41,899 - INFO - CharacterWidget: Found 2 characters for project 1
2026-01-01 10:03:41,899 - ERROR - Failed to load characters: cannot convert dictionary update sequence element #0 to a sequence
Traceback (most recent call last):
  File "C:\Users\user\Desktop\ai-desktop-assist\src\ui\character_components.py", line 706, in _load_characters
    char_data = dict(char_row)
TypeError: cannot convert dictionary update sequence element #0 to a sequence
2026-01-01 10:05:27,833 - INFO - Starting Story Bible App - PyQt6 Version
2026-01-01 10:05:27,834 - INFO - Database initialized at C:\Users\user\Desktop\ai-desktop-assist\data\story_bible.db
2026-01-01 10:05:27,835 - ERROR - Model initialization failed: No .gguf model found in C:\Users\user\Desktop\ai-desktop-assist\models\llama
2026-01-01 10:05:27,893 - INFO - Background image loaded: C:\Users\user\Desktop\ai-desktop-assist\src\ui\assets\backgroundimg.png
2026-01-01 10:05:36,332 - INFO - CharacterWidget.set_project_id called with project_id=1
2026-01-01 10:05:36,333 - INFO - CharacterWidget._load_characters called with project_id=1
2026-01-01 10:05:36,333 - INFO - CharacterWidget: Found 2 characters for project 1
2026-01-01 10:05:36,333 - INFO - Creating card for character: one
2026-01-01 10:05:36,334 - ERROR - Failed to load characters: type object 'QtTheme' has no attribute 'get_font_h2'
Traceback (most recent call last):
  File "C:\Users\user\Desktop\ai-desktop-assist\src\ui\character_components.py", line 711, in _load_characters
    card = CharacterProfileCard(self.db_manager, char_data)
  File "C:\Users\user\Desktop\ai-desktop-assist\src\ui\character_components.py", line 98, in __init__
    self._setup_ui()
    ~~~~~~~~~~~~~~^^
  File "C:\Users\user\Desktop\ai-desktop-assist\src\ui\character_components.py", line 121, in _setup_ui
    self.header = self._create_header()
                  ~~~~~~~~~~~~~~~~~~~^^
  File "C:\Users\user\Desktop\ai-desktop-assist\src\ui\character_components.py", line 194, in _create_header
    self.name_label.setFont(QtTheme.get_font_h2())
                            ^^^^^^^^^^^^^^^^^^^
AttributeError: type object 'QtTheme' has no attribute 'get_font_h2'. Did you mean: 'get_font_h3'?
2026-01-01 10:05:36,335 - INFO - Set character_widget project_id to 1
2026-01-01 10:05:36,336 - ERROR - Failed to load story bible: tuple index out of range
2026-01-01 10:05:42,282 - INFO - Created new character: yu
2026-01-01 10:05:42,282 - INFO - CharacterWidget._load_characters called with project_id=1
2026-01-01 10:05:42,284 - INFO - CharacterWidget: Found 3 characters for project 1
2026-01-01 10:05:42,284 - INFO - Creating card for character: one
2026-01-01 10:05:42,285 - ERROR - Failed to load characters: type object 'QtTheme' has no attribute 'get_font_h2'
Traceback (most recent call last):
  File "C:\Users\user\Desktop\ai-desktop-assist\src\ui\character_components.py", line 711, in _load_characters
    card = CharacterProfileCard(self.db_manager, char_data)
  File "C:\Users\user\Desktop\ai-desktop-assist\src\ui\character_components.py", line 98, in __init__
    self._setup_ui()
    ~~~~~~~~~~~~~~^^
  File "C:\Users\user\Desktop\ai-desktop-assist\src\ui\character_components.py", line 121, in _setup_ui
    self.header = self._create_header()
                  ~~~~~~~~~~~~~~~~~~~^^
  File "C:\Users\user\Desktop\ai-desktop-assist\src\ui\character_components.py", line 194, in _create_header
    self.name_label.setFont(QtTheme.get_font_h2())
                            ^^^^^^^^^^^^^^^^^^^
AttributeError: type object 'QtTheme' has no attribute 'get_font_h2'. Did you mean: 'get_font_h3'?
2026-01-01 10:06:40,590 - INFO - Starting Story Bible App - PyQt6 Version
2026-01-01 10:06:40,592 - INFO - Database initialized at C:\Users\user\Desktop\ai-desktop-assist\data\story_bible.db
2026-01-01 10:06:40,592 - ERROR - Model initialization failed: No .gguf model found in C:\Users\user\Desktop\ai-desktop-assist\models\llama
2026-01-01 10:06:40,647 - INFO - Background image loaded: C:\Users\user\Desktop\ai-desktop-assist\src\ui\assets\backgroundimg.png
2026-01-01 10:07:12,012 - INFO - CharacterWidget.set_project_id called with project_id=1
2026-01-01 10:07:12,012 - INFO - CharacterWidget._load_characters called with project_id=1
2026-01-01 10:07:12,013 - INFO - CharacterWidget: Found 3 characters for project 1
2026-01-01 10:07:12,013 - INFO - Creating card for character: one
2026-01-01 10:07:12,066 - INFO - Creating card for character: ty
2026-01-01 10:07:12,107 - INFO - Creating card for character: yu
2026-01-01 10:07:12,149 - INFO - Set character_widget project_id to 1
2026-01-01 10:07:12,150 - ERROR - Failed to load story bible: tuple index out of range
2026-01-01 10:09:32,927 - INFO - Application exited cleanly.
2026-01-01 10:09:32,927 - INFO - App shutdown complete.
2026-01-01 10:12:52,619 - INFO - Starting Story Bible App - PyQt6 Version
2026-01-01 10:12:52,623 - INFO - Database initialized at C:\Users\user\Desktop\ai-desktop-assist\data\story_bible.db
2026-01-01 10:12:52,624 - ERROR - Model initialization failed: No .gguf model found in C:\Users\user\Desktop\ai-desktop-assist\models\llama
2026-01-01 10:12:52,688 - INFO - Background image loaded: C:\Users\user\Desktop\ai-desktop-assist\src\ui\assets\backgroundimg.png
2026-01-01 10:12:59,788 - INFO - CharacterWidget.set_project_id called with project_id=1
2026-01-01 10:12:59,788 - INFO - CharacterWidget._load_characters called with project_id=1
2026-01-01 10:12:59,789 - INFO - CharacterWidget: Found 3 characters for project 1
2026-01-01 10:12:59,789 - INFO - Creating card for character: one
2026-01-01 10:12:59,833 - INFO - Creating card for character: ty
2026-01-01 10:12:59,871 - INFO - Creating card for character: yu
2026-01-01 10:12:59,910 - INFO - Set character_widget project_id to 1
2026-01-01 10:12:59,911 - ERROR - Failed to load story bible: tuple index out of range
2026-01-01 10:14:24,617 - INFO - Starting Story Bible App - PyQt6 Version
2026-01-01 10:14:24,618 - INFO - Database initialized at C:\Users\user\Desktop\ai-desktop-assist\data\story_bible.db
2026-01-01 10:14:24,619 - ERROR - Model initialization failed: No .gguf model found in C:\Users\user\Desktop\ai-desktop-assist\models\llama
2026-01-01 10:14:24,676 - INFO - Background image loaded: C:\Users\user\Desktop\ai-desktop-assist\src\ui\assets\backgroundimg.png
2026-01-01 10:14:32,538 - INFO - CharacterWidget.set_project_id called with project_id=1
2026-01-01 10:14:32,538 - INFO - CharacterWidget._load_characters called with project_id=1
2026-01-01 10:14:32,539 - INFO - CharacterWidget: Found 3 characters for project 1
2026-01-01 10:14:32,539 - INFO - Creating card for character: one
2026-01-01 10:14:32,582 - INFO - Creating card for character: ty
2026-01-01 10:14:32,621 - INFO - Creating card for character: yu
2026-01-01 10:14:32,661 - INFO - Set character_widget project_id to 1
2026-01-01 10:14:32,662 - ERROR - Failed to load story bible: tuple index out of range
2026-01-01 10:14:48,505 - INFO - Deleted character 3
2026-01-01 10:14:48,505 - INFO - CharacterWidget._load_characters called with project_id=1
2026-01-01 10:14:48,507 - INFO - CharacterWidget: Found 2 characters for project 1
2026-01-01 10:14:48,508 - INFO - Creating card for character: ty
2026-01-01 10:14:48,552 - INFO - Creating card for character: yu
2026-01-01 10:14:58,951 - INFO - Character 5 updated: personality_traits = n...
2026-01-01 10:14:58,956 - INFO - Auto-saved personality_traits for character 5
2026-01-01 10:15:00,795 - INFO - Character 5 updated: personality_traits = ...
2026-01-01 10:15:00,800 - INFO - Auto-saved personality_traits for character 5
2026-01-01 10:15:26,777 - INFO - Character 4 updated: backstory = Error: AI Model is not loaded check logs.Error: AI...
2026-01-01 10:15:26,782 - INFO - Auto-saved backstory for character 4
2026-01-01 10:15:28,117 - INFO - Character 4 updated: backstory = Error: AI Model is not loaded check logs.Error: AI...
2026-01-01 10:15:28,123 - INFO - Auto-saved backstory for character 4
2026-01-01 10:15:28,443 - INFO - Character 4 updated: backstory = Error: AI Model is not loaded check logs.Error: AI...
2026-01-01 10:15:28,447 - INFO - Auto-saved backstory for character 4
2026-01-01 10:15:28,655 - INFO - Character 4 updated: backstory = Error: AI Model is not loaded check logs.Error: AI...
2026-01-01 10:15:28,659 - INFO - Auto-saved backstory for character 4
2026-01-01 10:15:28,860 - INFO - Character 4 updated: backstory = Error: AI Model is not loaded check logs.Error: AI...
2026-01-01 10:15:28,864 - INFO - Auto-saved backstory for character 4
2026-01-01 10:15:29,059 - INFO - Character 4 updated: backstory = Error: AI Model is not loaded check logs.Error: AI...
2026-01-01 10:15:29,065 - INFO - Auto-saved backstory for character 4
2026-01-01 10:15:44,555 - INFO - Character 4 updated: backstory = Error: AI Model is not loaded check logs.Error: AI...
2026-01-01 10:15:44,559 - INFO - Auto-saved backstory for character 4
2026-01-01 10:15:45,130 - INFO - Character 4 updated: backstory = Error: AI Model is not loaded check logs.Error: AI...
2026-01-01 10:15:45,135 - INFO - Auto-saved backstory for character 4
2026-01-01 10:15:45,580 - INFO - Character 4 updated: backstory = Error: AI Model is not loaded check logs.Error: AI...
2026-01-01 10:15:45,584 - INFO - Auto-saved backstory for character 4
2026-01-01 10:15:46,025 - INFO - Character 4 updated: backstory = Error: AI Model is not loaded check logs.Error: AI...
2026-01-01 10:15:46,030 - INFO - Auto-saved backstory for character 4
2026-01-01 10:15:46,396 - INFO - Character 4 updated: backstory = Error: AI Model is not loaded check logs.Error: AI...
2026-01-01 10:15:46,403 - INFO - Auto-saved backstory for character 4
2026-01-01 10:15:49,446 - INFO - Character 4 updated: backstory = Error: AI Model is not loaded check logs.Error: AI...
2026-01-01 10:15:49,453 - INFO - Auto-saved backstory for character 4
2026-01-01 10:15:51,038 - INFO - Character 4 updated: backstory = Error: AI Model is not loaded check logs.Error: AI...
2026-01-01 10:15:51,042 - INFO - Auto-saved backstory for character 4
2026-01-01 10:15:54,691 - INFO - Character 4 updated: backstory = Error: AI Model is not loaded check logs.Error: AI...
2026-01-01 10:15:54,696 - INFO - Auto-saved backstory for character 4
2026-01-01 10:16:25,179 - INFO - Character 4 updated: physical_description = Error: AI Model is not loaded check logs.Error: AI...
2026-01-01 10:16:27,606 - INFO - Character 4 updated: speech_pattern = Error: AI Model is not loaded check logs.Error: AI...
2026-01-01 10:16:27,609 - INFO - Auto-saved speech_pattern for character 4
2026-01-01 10:16:30,108 - INFO - Character 4 updated: motivations = Error: AI Model is not loaded check logs.Error: AI...
2026-01-01 10:16:30,115 - INFO - Auto-saved motivations for character 4
2026-01-01 10:16:32,112 - INFO - Character 4 updated: internal_conflicts = Error: AI Model is not loaded check logs.Error: AI...
2026-01-01 10:16:32,119 - INFO - Auto-saved internal_conflicts for character 4
2026-01-01 10:16:33,932 - INFO - Character 4 updated: strengths = Error: AI Model is not loaded check logs.Error: AI...
2026-01-01 10:16:33,939 - INFO - Auto-saved strengths for character 4
2026-01-01 10:16:35,683 - INFO - Character 4 updated: weaknesses = Error: AI Model is not loaded check logs.Error: AI...
2026-01-01 10:16:35,691 - INFO - Auto-saved weaknesses for character 4
2026-01-01 10:16:37,395 - INFO - Character 4 updated: character_arc = Error: AI Model is not loaded check logs.Error: AI...
2026-01-01 10:16:37,403 - INFO - Auto-saved character_arc for character 4
2026-01-01 10:20:47,417 - INFO - Starting Story Bible App - PyQt6 Version
2026-01-01 10:20:47,419 - INFO - Database initialized at C:\Users\user\Desktop\ai-desktop-assist\data\story_bible.db
2026-01-01 10:20:47,420 - ERROR - Model initialization failed: No .gguf model found in C:\Users\user\Desktop\ai-desktop-assist\models\llama
2026-01-01 10:20:47,522 - INFO - Background image loaded: C:\Users\user\Desktop\ai-desktop-assist\src\ui\assets\backgroundimg.png
2026-01-01 10:20:52,565 - INFO - CharacterWidget.set_project_id called with project_id=1
2026-01-01 10:20:52,566 - INFO - CharacterWidget._load_characters called with project_id=1
2026-01-01 10:20:52,568 - INFO - CharacterWidget: Found 2 characters for project 1
2026-01-01 10:20:52,568 - INFO - Creating card for character: ty
2026-01-01 10:20:52,632 - INFO - Creating card for character: yu
2026-01-01 10:20:52,645 - INFO - Set character_widget project_id to 1
2026-01-01 10:20:52,646 - ERROR - Failed to load story bible: tuple index out of range
2026-01-01 10:21:01,635 - INFO - Deleted character 4
2026-01-01 10:21:01,635 - INFO - CharacterWidget._load_characters called with project_id=1
2026-01-01 10:21:01,641 - INFO - CharacterWidget: Found 1 characters for project 1
2026-01-01 10:21:01,642 - INFO - Creating card for character: yu
2026-01-01 10:21:25,152 - INFO - Deleted character 5
2026-01-01 10:21:25,153 - INFO - CharacterWidget._load_characters called with project_id=1
2026-01-01 10:21:25,158 - INFO - CharacterWidget: Found 0 characters for project 1
2026-01-01 10:21:30,647 - INFO - Created new character: Son
2026-01-01 10:21:30,647 - INFO - CharacterWidget._load_characters called with project_id=1
2026-01-01 10:21:30,651 - INFO - CharacterWidget: Found 1 characters for project 1
2026-01-01 10:21:30,651 - INFO - Creating card for character: Son
2026-01-01 10:21:45,900 - INFO - Created new character: hyung
2026-01-01 10:21:45,900 - INFO - CharacterWidget._load_characters called with project_id=1
2026-01-01 10:21:45,903 - INFO - CharacterWidget: Found 2 characters for project 1
2026-01-01 10:21:45,904 - INFO - Creating card for character: Son
2026-01-01 10:21:45,933 - INFO - Creating card for character: hyung
2026-01-01 10:21:52,469 - INFO - Deleted character 6
2026-01-01 10:21:52,470 - INFO - CharacterWidget._load_characters called with project_id=1
2026-01-01 10:21:52,475 - INFO - CharacterWidget: Found 1 characters for project 1
2026-01-01 10:21:52,475 - INFO - Creating card for character: hyung
2026-01-01 10:21:55,647 - INFO - Deleted character 7
2026-01-01 10:21:55,647 - INFO - CharacterWidget._load_characters called with project_id=1
2026-01-01 10:21:55,651 - INFO - CharacterWidget: Found 0 characters for project 1
2026-01-01 10:22:54,612 - INFO - Application exited cleanly.
2026-01-01 10:22:54,613 - INFO - App shutdown complete.
2026-01-01 10:24:11,770 - INFO - Starting Story Bible App - PyQt6 Version
2026-01-01 10:24:11,770 - INFO - Database initialized at C:\Users\user\Desktop\ai-desktop-assist\data\story_bible.db
2026-01-01 10:24:11,770 - ERROR - Model initialization failed: No .gguf model found in C:\Users\user\Desktop\ai-desktop-assist\models\llama
2026-01-01 10:24:11,883 - INFO - Background image loaded: C:\Users\user\Desktop\ai-desktop-assist\src\ui\assets\backgroundimg.png
2026-01-01 10:24:24,544 - INFO - CharacterWidget.set_project_id called with project_id=1
2026-01-01 10:24:24,544 - INFO - CharacterWidget._load_characters called with project_id=1
2026-01-01 10:24:24,544 - INFO - CharacterWidget: Found 0 characters for project 1
2026-01-01 10:24:24,544 - INFO - Set character_widget project_id to 1
2026-01-01 10:24:24,544 - ERROR - Failed to load story bible: tuple index out of range
2026-01-01 10:24:34,533 - INFO - Created new character: Sabona
2026-01-01 10:24:34,533 - INFO - CharacterWidget._load_characters called with project_id=1
2026-01-01 10:24:34,540 - INFO - CharacterWidget: Found 1 characters for project 1
2026-01-01 10:24:34,540 - INFO - Creating card for character: Sabona
2026-01-01 10:24:50,788 - INFO - Character 8 visibility: False
2026-01-01 10:24:54,055 - INFO - Character 8 visibility: True
2026-01-01 10:25:07,357 - INFO - Deleted character 8
2026-01-01 10:25:07,365 - INFO - CharacterWidget._load_characters called with project_id=1
2026-01-01 10:25:07,365 - INFO - CharacterWidget: Found 0 characters for project 1
2026-01-01 10:26:57,652 - INFO - Created new character: hj
2026-01-01 10:26:57,652 - INFO - CharacterWidget._load_characters called with project_id=1
2026-01-01 10:26:57,658 - INFO - CharacterWidget: Found 1 characters for project 1
2026-01-01 10:26:57,658 - INFO - Creating card for character: hj
2026-01-01 10:32:05,422 - INFO - Starting Story Bible App - PyQt6 Version
2026-01-01 10:32:05,427 - INFO - Database initialized at C:\Users\user\Desktop\ai-desktop-assist\data\story_bible.db
2026-01-01 10:32:05,428 - ERROR - Model initialization failed: No .gguf model found in C:\Users\user\Desktop\ai-desktop-assist\models\llama
2026-01-01 10:32:05,542 - INFO - Background image loaded: C:\Users\user\Desktop\ai-desktop-assist\src\ui\assets\backgroundimg.png
2026-01-01 10:32:13,066 - INFO - CharacterWidget.set_project_id called with project_id=1
2026-01-01 10:32:13,066 - INFO - CharacterWidget._load_characters called with project_id=1
2026-01-01 10:32:13,067 - INFO - CharacterWidget: Found 1 characters for project 1
2026-01-01 10:32:13,067 - INFO - Creating card for character: hj
2026-01-01 10:32:13,087 - INFO - Set character_widget project_id to 1
2026-01-01 10:32:13,088 - ERROR - Failed to load story bible: tuple index out of range
2026-01-01 10:32:16,528 - INFO - Character 9 visibility: False
2026-01-01 10:32:18,329 - INFO - Character 9 visibility: True
2026-01-01 10:32:19,198 - INFO - Character 9 visibility: False
2026-01-01 10:32:27,189 - INFO - Character 9 visibility: True
2026-01-01 10:33:43,735 - INFO - Starting Story Bible App - PyQt6 Version
2026-01-01 10:33:43,736 - INFO - Database initialized at C:\Users\user\Desktop\ai-desktop-assist\data\story_bible.db
2026-01-01 10:33:43,736 - ERROR - Model initialization failed: No .gguf model found in C:\Users\user\Desktop\ai-desktop-assist\models\llama
2026-01-01 10:33:43,852 - INFO - Background image loaded: C:\Users\user\Desktop\ai-desktop-assist\src\ui\assets\backgroundimg.png
2026-01-01 10:33:53,705 - INFO - CharacterWidget.set_project_id called with project_id=1
2026-01-01 10:33:53,707 - INFO - CharacterWidget._load_characters called with project_id=1
2026-01-01 10:33:53,707 - INFO - CharacterWidget: Found 1 characters for project 1
2026-01-01 10:33:53,707 - INFO - Creating card for character: hj
2026-01-01 10:33:53,771 - INFO - Set character_widget project_id to 1
2026-01-01 10:33:53,774 - ERROR - Failed to load story bible: tuple index out of range
2026-01-01 10:34:03,137 - INFO - Deleted character 9
2026-01-01 10:34:03,137 - INFO - CharacterWidget._load_characters called with project_id=1
2026-01-01 10:34:03,144 - INFO - CharacterWidget: Found 0 characters for project 1
2026-01-01 10:34:10,252 - INFO - Created new character: Sabona
2026-01-01 10:34:10,253 - INFO - CharacterWidget._load_characters called with project_id=1
2026-01-01 10:34:10,253 - INFO - CharacterWidget: Found 1 characters for project 1
2026-01-01 10:34:10,253 - INFO - Creating card for character: Sabona
2026-01-01 10:34:15,351 - INFO - Deleted character 10
2026-01-01 10:34:15,351 - INFO - CharacterWidget._load_characters called with project_id=1
2026-01-01 10:34:15,351 - INFO - CharacterWidget: Found 0 characters for project 1
2026-01-01 10:34:19,889 - INFO - Created new character: Sabona
2026-01-01 10:34:19,889 - INFO - CharacterWidget._load_characters called with project_id=1
2026-01-01 10:34:19,895 - INFO - CharacterWidget: Found 1 characters for project 1
2026-01-01 10:34:19,895 - INFO - Creating card for character: Sabona
2026-01-01 10:37:50,103 - INFO - Starting Story Bible App - PyQt6 Version
2026-01-01 10:37:50,105 - INFO - Database initialized at C:\Users\user\Desktop\ai-desktop-assist\data\story_bible.db
2026-01-01 10:37:50,105 - ERROR - Model initialization failed: No .gguf model found in C:\Users\user\Desktop\ai-desktop-assist\models\llama
2026-01-01 10:37:50,224 - INFO - Background image loaded: C:\Users\user\Desktop\ai-desktop-assist\src\ui\assets\backgroundimg.png
2026-01-01 10:37:59,993 - INFO - CharacterWidget.set_project_id called with project_id=1
2026-01-01 10:37:59,994 - INFO - CharacterWidget._load_characters called with project_id=1
2026-01-01 10:37:59,996 - INFO - CharacterWidget: Found 1 characters for project 1
2026-01-01 10:37:59,996 - INFO - Creating card for character: Sabona
2026-01-01 10:38:00,052 - INFO - Set character_widget project_id to 1
2026-01-01 10:38:00,054 - ERROR - Failed to load story bible: tuple index out of range
2026-01-01 10:38:10,219 - INFO - Deleted character 11
2026-01-01 10:38:10,219 - INFO - CharacterWidget._load_characters called with project_id=1
2026-01-01 10:38:10,223 - INFO - CharacterWidget: Found 0 characters for project 1
2026-01-01 10:38:15,152 - INFO - Created new character: Sabona
2026-01-01 10:38:15,153 - INFO - CharacterWidget._load_characters called with project_id=1
2026-01-01 10:38:15,156 - INFO - CharacterWidget: Found 1 characters for project 1
2026-01-01 10:38:15,156 - INFO - Creating card for character: Sabona
2026-01-01 10:39:30,446 - INFO - Application exited cleanly.
2026-01-01 10:39:30,446 - INFO - App shutdown complete.
2026-01-01 10:39:35,812 - INFO - Starting Story Bible App - PyQt6 Version
2026-01-01 10:39:35,814 - INFO - Database initialized at C:\Users\user\Desktop\ai-desktop-assist\data\story_bible.db
2026-01-01 10:39:35,816 - ERROR - Model initialization failed: No .gguf model found in C:\Users\user\Desktop\ai-desktop-assist\models\llama
2026-01-01 10:39:35,931 - INFO - Background image loaded: C:\Users\user\Desktop\ai-desktop-assist\src\ui\assets\backgroundimg.png
2026-01-01 10:39:53,304 - INFO - CharacterWidget.set_project_id called with project_id=1
2026-01-01 10:39:53,304 - INFO - CharacterWidget._load_characters called with project_id=1
2026-01-01 10:39:53,304 - INFO - CharacterWidget: Found 1 characters for project 1
2026-01-01 10:39:53,304 - INFO - Creating card for character: Sabona
2026-01-01 10:39:53,398 - INFO - Set character_widget project_id to 1
2026-01-01 10:39:53,398 - ERROR - Failed to load story bible: tuple index out of range
2026-01-01 10:42:06,894 - INFO - Starting Story Bible App - PyQt6 Version
2026-01-01 10:42:06,899 - INFO - Database initialized at C:\Users\user\Desktop\ai-desktop-assist\data\story_bible.db
2026-01-01 10:42:06,901 - ERROR - Model initialization failed: No .gguf model found in C:\Users\user\Desktop\ai-desktop-assist\models\llama
2026-01-01 10:42:07,012 - INFO - Background image loaded: C:\Users\user\Desktop\ai-desktop-assist\src\ui\assets\backgroundimg.png
2026-01-01 10:42:16,588 - INFO - CharacterWidget.set_project_id called with project_id=1
2026-01-01 10:42:16,589 - INFO - CharacterWidget._load_characters called with project_id=1
2026-01-01 10:42:16,590 - INFO - CharacterWidget: Found 1 characters for project 1
2026-01-01 10:42:16,591 - INFO - Creating card for character: Sabona
2026-01-01 10:42:16,645 - INFO - Set character_widget project_id to 1
2026-01-01 10:42:16,646 - ERROR - Failed to load story bible: tuple index out of range
2026-01-01 10:42:21,727 - INFO - Character 12 visibility: False
2026-01-01 10:42:22,881 - INFO - Character 12 visibility: True
2026-01-01 10:42:23,522 - INFO - Character 12 visibility: False
2026-01-01 10:42:24,581 - INFO - Character 12 visibility: True
2026-01-01 10:42:25,293 - INFO - Character 12 visibility: False
2026-01-01 10:42:25,951 - INFO - Character 12 visibility: True
2026-01-01 10:42:30,569 - INFO - Character 12 visibility: False
2026-01-01 10:42:32,201 - INFO - Character 12 visibility: True
2026-01-01 10:42:33,107 - INFO - Character 12 visibility: False
2026-01-01 10:43:43,298 - INFO - Application exited cleanly.
2026-01-01 10:43:43,299 - INFO - App shutdown complete.
2026-01-01 10:43:48,155 - INFO - Starting Story Bible App - PyQt6 Version
2026-01-01 10:43:48,160 - INFO - Database initialized at C:\Users\user\Desktop\ai-desktop-assist\data\story_bible.db
2026-01-01 10:43:48,160 - ERROR - Model initialization failed: No .gguf model found in C:\Users\user\Desktop\ai-desktop-assist\models\llama
2026-01-01 10:43:48,295 - INFO - Background image loaded: C:\Users\user\Desktop\ai-desktop-assist\src\ui\assets\backgroundimg.png
2026-01-01 10:43:55,585 - INFO - CharacterWidget.set_project_id called with project_id=1
2026-01-01 10:43:55,585 - INFO - CharacterWidget._load_characters called with project_id=1
2026-01-01 10:43:55,585 - INFO - CharacterWidget: Found 1 characters for project 1
2026-01-01 10:43:55,585 - INFO - Creating card for character: Sabona
2026-01-01 10:43:55,662 - INFO - Set character_widget project_id to 1
2026-01-01 10:43:55,664 - ERROR - Failed to load story bible: tuple index out of range
2026-01-01 10:43:59,617 - INFO - Character 12 updated: role = Antagonist...
2026-01-01 10:43:59,621 - INFO - Auto-saved role for character 12: Antagonist
2026-01-01 10:43:59,649 - INFO - Character 12 updated: role = Supporting...
2026-01-01 10:43:59,652 - INFO - Auto-saved role for character 12: Supporting
2026-01-01 10:43:59,654 - INFO - Character 12 updated: role = Minor...
2026-01-01 10:43:59,662 - INFO - Auto-saved role for character 12: Minor
2026-01-01 10:43:59,666 - INFO - Character 12 updated: role = Mentor...
2026-01-01 10:43:59,670 - INFO - Auto-saved role for character 12: Mentor
2026-01-01 10:43:59,676 - INFO - Character 12 updated: role = Love Interest...
2026-01-01 10:43:59,680 - INFO - Auto-saved role for character 12: Love Interest
2026-01-01 10:43:59,690 - INFO - Character 12 updated: role = Sidekick...
2026-01-01 10:43:59,690 - INFO - Auto-saved role for character 12: Sidekick
2026-01-01 10:43:59,705 - INFO - Character 12 updated: role = Other...
2026-01-01 10:43:59,710 - INFO - Auto-saved role for character 12: Other
2026-01-01 10:44:02,957 - INFO - Character 12 updated: role = Othe...
2026-01-01 10:44:02,975 - INFO - Auto-saved role for character 12: Othe
2026-01-01 10:44:03,141 - INFO - Character 12 updated: role = Oth...
2026-01-01 10:44:03,159 - INFO - Auto-saved role for character 12: Oth
2026-01-01 10:44:03,314 - INFO - Character 12 updated: role = Ot...
2026-01-01 10:44:03,314 - INFO - Auto-saved role for character 12: Ot
2026-01-01 10:44:03,486 - INFO - Character 12 updated: role = O...
2026-01-01 10:44:03,492 - INFO - Auto-saved role for character 12: O
2026-01-01 10:44:03,653 - INFO - Character 12 updated: role = ...
2026-01-01 10:44:03,661 - INFO - Auto-saved role for character 12: 
2026-01-01 10:44:06,728 - INFO - Character 12 updated: role = Protagonist...
2026-01-01 10:44:06,736 - INFO - Auto-saved role for character 12: Protagonist
2026-01-01 10:44:10,476 - INFO - Character 12 updated: role = Protagonis...
2026-01-01 10:44:10,484 - INFO - Auto-saved role for character 12: Protagonis
2026-01-01 10:44:11,064 - INFO - Character 12 updated: role = Protagoni...
2026-01-01 10:44:11,075 - INFO - Auto-saved role for character 12: Protagoni
2026-01-01 10:44:11,566 - INFO - Character 12 updated: role = Protagon...
2026-01-01 10:44:11,575 - INFO - Auto-saved role for character 12: Protagon
2026-01-01 10:44:11,598 - INFO - Character 12 updated: role = Protago...
2026-01-01 10:44:11,604 - INFO - Auto-saved role for character 12: Protago
2026-01-01 10:44:11,623 - INFO - Character 12 updated: role = Protag...
2026-01-01 10:44:11,630 - INFO - Auto-saved role for character 12: Protag
2026-01-01 10:44:11,656 - INFO - Character 12 updated: role = Prota...
2026-01-01 10:44:11,662 - INFO - Auto-saved role for character 12: Prota
2026-01-01 10:44:11,689 - INFO - Character 12 updated: role = Prot...
2026-01-01 10:44:11,690 - INFO - Auto-saved role for character 12: Prot
2026-01-01 10:44:11,713 - INFO - Character 12 updated: role = Pro...
2026-01-01 10:44:11,723 - INFO - Auto-saved role for character 12: Pro
2026-01-01 10:44:11,747 - INFO - Character 12 updated: role = Pr...
2026-01-01 10:44:11,751 - INFO - Auto-saved role for character 12: Pr
2026-01-01 10:44:11,774 - INFO - Character 12 updated: role = P...
2026-01-01 10:44:11,780 - INFO - Auto-saved role for character 12: P
2026-01-01 10:44:11,805 - INFO - Character 12 updated: role = ...
2026-01-01 10:44:11,812 - INFO - Auto-saved role for character 12: 
2026-01-01 10:44:14,714 - INFO - Character 12 updated: role = Antagonist...
2026-01-01 10:44:14,720 - INFO - Auto-saved role for character 12: Antagonist
2026-01-01 10:44:18,281 - INFO - Character 12 visibility: True
2026-01-01 10:44:19,032 - INFO - Character 12 visibility: False
2026-01-01 10:44:24,663 - INFO - Created new character: yu
2026-01-01 10:44:24,663 - INFO - CharacterWidget._load_characters called with project_id=1
2026-01-01 10:44:24,663 - INFO - CharacterWidget: Found 2 characters for project 1
2026-01-01 10:44:24,663 - INFO - Creating card for character: Sabona
2026-01-01 10:44:24,757 - INFO - Creating card for character: yu
2026-01-01 10:44:28,156 - INFO - Character 13 visibility: False
2026-01-01 10:44:46,370 - INFO - Deleted character 13
2026-01-01 10:44:46,370 - INFO - CharacterWidget._load_characters called with project_id=1
2026-01-01 10:44:46,370 - INFO - CharacterWidget: Found 1 characters for project 1
2026-01-01 10:44:46,370 - INFO - Creating card for character: Sabona
2026-01-01 10:44:48,520 - INFO - Deleted character 12
2026-01-01 10:44:48,520 - INFO - CharacterWidget._load_characters called with project_id=1
2026-01-01 10:44:48,522 - INFO - CharacterWidget: Found 0 characters for project 1
2026-01-01 10:45:51,625 - INFO - Format action applied: h2
2026-01-01 10:45:53,300 - INFO - Format action applied: h1
2026-01-01 10:45:55,156 - INFO - Format action applied: h3
2026-01-01 10:46:03,759 - INFO - Format action applied: h3
2026-01-01 10:46:07,763 - INFO - Format action applied: undo
2026-01-01 10:46:08,127 - INFO - Format action applied: undo
2026-01-01 10:46:08,328 - INFO - Format action applied: undo
2026-01-01 10:46:08,515 - INFO - Format action applied: undo
2026-01-01 10:46:08,742 - INFO - Format action applied: undo
2026-01-01 10:46:08,975 - INFO - Format action applied: undo
2026-01-01 10:46:09,128 - INFO - Format action applied: undo
2026-01-01 10:46:09,994 - INFO - Format action applied: undo
2026-01-01 10:46:10,163 - INFO - Format action applied: undo
2026-01-01 10:46:10,417 - INFO - Format action applied: undo
2026-01-01 10:46:10,575 - INFO - Format action applied: undo
2026-01-01 10:46:10,779 - INFO - Format action applied: undo
2026-01-01 10:46:10,964 - INFO - Format action applied: undo
2026-01-01 10:46:11,160 - INFO - Format action applied: undo
2026-01-01 10:46:11,337 - INFO - Format action applied: undo
2026-01-01 10:46:11,536 - INFO - Format action applied: undo
2026-01-01 10:46:11,747 - INFO - Format action applied: undo
2026-01-01 10:46:11,922 - INFO - Format action applied: undo
2026-01-01 10:46:12,144 - INFO - Format action applied: undo
2026-01-01 10:46:12,337 - INFO - Format action applied: undo
2026-01-01 10:46:12,574 - INFO - Format action applied: undo
2026-01-01 10:46:12,787 - INFO - Format action applied: undo
2026-01-01 10:46:13,023 - INFO - Format action applied: undo
2026-01-01 10:46:13,201 - INFO - Format action applied: undo
2026-01-01 10:46:13,466 - INFO - Format action applied: undo
2026-01-01 10:46:13,690 - INFO - Format action applied: undo
2026-01-01 10:46:13,860 - INFO - Format action applied: undo
2026-01-01 10:46:14,051 - INFO - Format action applied: undo
2026-01-01 10:46:14,239 - INFO - Format action applied: undo
2026-01-01 10:46:14,458 - INFO - Format action applied: undo
2026-01-01 10:46:14,658 - INFO - Format action applied: undo
2026-01-01 10:46:14,853 - INFO - Format action applied: undo
2026-01-01 10:46:15,048 - INFO - Format action applied: undo
2026-01-01 10:46:15,269 - INFO - Format action applied: undo
2026-01-01 10:46:15,453 - INFO - Format action applied: undo
2026-01-01 10:46:15,674 - INFO - Format action applied: undo
2026-01-01 10:46:15,868 - INFO - Format action applied: undo
2026-01-01 10:46:16,060 - INFO - Format action applied: undo
2026-01-01 10:46:16,268 - INFO - Format action applied: undo
2026-01-01 10:46:16,454 - INFO - Format action applied: undo
2026-01-01 10:46:16,661 - INFO - Format action applied: undo
2026-01-01 10:46:16,858 - INFO - Format action applied: undo
2026-01-01 10:46:17,035 - INFO - Format action applied: undo
2026-01-01 10:46:17,225 - INFO - Format action applied: undo
2026-01-01 10:46:17,409 - INFO - Format action applied: undo
2026-01-01 10:46:17,601 - INFO - Format action applied: undo
2026-01-01 10:46:17,801 - INFO - Format action applied: undo
2026-01-01 10:46:17,998 - INFO - Format action applied: undo
2026-01-01 10:46:18,184 - INFO - Format action applied: undo
2026-01-01 10:46:18,386 - INFO - Format action applied: undo
2026-01-01 10:46:18,588 - INFO - Format action applied: undo
2026-01-01 10:46:18,822 - INFO - Format action applied: undo
2026-01-01 10:46:19,083 - INFO - Format action applied: undo
2026-01-01 10:46:19,492 - INFO - Format action applied: undo
2026-01-01 10:46:19,691 - INFO - Format action applied: undo
2026-01-01 10:46:19,866 - INFO - Format action applied: undo
2026-01-01 10:46:20,082 - INFO - Format action applied: undo
2026-01-01 10:46:20,298 - INFO - Format action applied: undo
2026-01-01 10:46:20,521 - INFO - Format action applied: undo
2026-01-01 10:46:20,716 - INFO - Format action applied: undo
2026-01-01 10:46:20,883 - INFO - Format action applied: undo
2026-01-01 10:46:21,116 - INFO - Format action applied: undo
2026-01-01 10:46:21,372 - INFO - Format action applied: undo
2026-01-01 10:46:21,594 - INFO - Format action applied: undo
2026-01-01 10:46:21,835 - INFO - Format action applied: undo
2026-01-01 10:46:22,065 - INFO - Format action applied: undo
2026-01-01 10:46:22,264 - INFO - Format action applied: undo
2026-01-01 10:46:22,483 - INFO - Format action applied: undo
2026-01-01 10:46:22,707 - INFO - Format action applied: undo
2026-01-01 10:57:13,983 - INFO - Starting Story Bible App - PyQt6 Version
2026-01-01 10:57:13,984 - INFO - Database initialized at C:\Users\user\Desktop\ai-desktop-assist\data\story_bible.db
2026-01-01 10:57:13,985 - ERROR - Model initialization failed: No .gguf model found in C:\Users\user\Desktop\ai-desktop-assist\models\llama
2026-01-01 10:57:14,076 - INFO - Background image loaded: C:\Users\user\Desktop\ai-desktop-assist\src\ui\assets\backgroundimg.png
2026-01-01 10:58:18,815 - INFO - Starting Story Bible App - PyQt6 Version
2026-01-01 10:58:18,818 - INFO - Database initialized at C:\Users\user\Desktop\ai-desktop-assist\data\story_bible.db
2026-01-01 10:58:18,818 - ERROR - Model initialization failed: No .gguf model found in C:\Users\user\Desktop\ai-desktop-assist\models\llama
2026-01-01 10:58:18,921 - INFO - Background image loaded: C:\Users\user\Desktop\ai-desktop-assist\src\ui\assets\backgroundimg.png
2026-01-01 11:02:38,409 - INFO - Starting Story Bible App - PyQt6 Version
2026-01-01 11:02:38,411 - INFO - Database initialized at C:\Users\user\Desktop\ai-desktop-assist\data\story_bible.db
2026-01-01 11:02:38,412 - ERROR - Model initialization failed: No .gguf model found in C:\Users\user\Desktop\ai-desktop-assist\models\llama
2026-01-01 11:02:38,505 - INFO - Background image loaded: C:\Users\user\Desktop\ai-desktop-assist\src\ui\assets\backgroundimg.png
2026-01-01 11:02:43,601 - INFO - CharacterWidget.set_project_id called with project_id=1
2026-01-01 11:02:43,601 - INFO - CharacterWidget._load_characters called with project_id=1
2026-01-01 11:02:43,602 - INFO - CharacterWidget: Found 0 characters for project 1
2026-01-01 11:02:43,602 - INFO - Set character_widget project_id to 1
2026-01-01 11:02:43,603 - ERROR - Failed to load story bible: tuple index out of range
2026-01-01 11:03:55,555 - INFO - Starting Story Bible App - PyQt6 Version
2026-01-01 11:03:55,555 - INFO - Database initialized at C:\Users\user\Desktop\ai-desktop-assist\data\story_bible.db
2026-01-01 11:03:55,555 - ERROR - Model initialization failed: No .gguf model found in C:\Users\user\Desktop\ai-desktop-assist\models\llama
2026-01-01 11:03:55,680 - INFO - Background image loaded: C:\Users\user\Desktop\ai-desktop-assist\src\ui\assets\backgroundimg.png
2026-01-01 11:04:01,403 - INFO - CharacterWidget.set_project_id called with project_id=1
2026-01-01 11:04:01,403 - INFO - CharacterWidget._load_characters called with project_id=1
2026-01-01 11:04:01,403 - INFO - CharacterWidget: Found 0 characters for project 1
2026-01-01 11:04:01,403 - INFO - Set character_widget project_id to 1
2026-01-01 11:04:01,403 - ERROR - Failed to load story bible: tuple index out of range
2026-01-01 11:12:13,813 - INFO - Starting Story Bible App - PyQt6 Version
2026-01-01 11:12:13,818 - INFO - Database initialized at C:\Users\user\Desktop\ai-desktop-assist\data\story_bible.db
2026-01-01 11:12:13,818 - ERROR - Model initialization failed: No .gguf model found in C:\Users\user\Desktop\ai-desktop-assist\models\llama
2026-01-01 11:12:13,919 - INFO - Background image loaded: C:\Users\user\Desktop\ai-desktop-assist\src\ui\assets\backgroundimg.png
2026-01-01 11:12:26,296 - INFO - CharacterWidget.set_project_id called with project_id=1
2026-01-01 11:12:26,296 - INFO - CharacterWidget._load_characters called with project_id=1
2026-01-01 11:12:26,296 - INFO - CharacterWidget: Found 0 characters for project 1
2026-01-01 11:12:26,296 - INFO - Set character_widget project_id to 1
2026-01-01 11:12:26,296 - ERROR - Failed to load story bible: tuple index out of range
2026-01-01 11:21:59,965 - INFO - CharacterWidget.set_project_id called with project_id=3
2026-01-01 11:21:59,965 - INFO - CharacterWidget._load_characters called with project_id=3
2026-01-01 11:21:59,965 - INFO - CharacterWidget: Found 0 characters for project 3
2026-01-01 11:21:59,970 - INFO - Set character_widget project_id to 3
2026-01-01 11:21:59,970 - ERROR - Failed to load story bible: tuple index out of range
2026-01-01 11:22:10,418 - INFO - Toolbar action: back - 
2026-01-01 11:22:31,256 - INFO - Application exited cleanly.
2026-01-01 11:22:31,259 - INFO - App shutdown complete.
2026-01-01 11:29:25,323 - INFO - Starting Story Bible App - PyQt6 Version
2026-01-01 11:29:25,327 - INFO - Database initialized at C:\Users\user\Desktop\ai-desktop-assist\data\story_bible.db
2026-01-01 11:29:25,328 - ERROR - Model initialization failed: No .gguf model found in C:\Users\user\Desktop\ai-desktop-assist\models\llama
2026-01-01 11:29:25,396 - CRITICAL - Unhandled app exception: type object 'QtTheme' has no attribute 'create_dark_palette'
Traceback (most recent call last):
  File "C:\Users\user\Desktop\ai-desktop-assist\main.py", line 70, in main
    main_window = StoryBibleApp(ai_engine, db_mgr)
  File "C:\Users\user\Desktop\ai-desktop-assist\src\ui\qt_app.py", line 1484, in __init__
    self._setup_window()
    ~~~~~~~~~~~~~~~~~~^^
  File "C:\Users\user\Desktop\ai-desktop-assist\src\ui\qt_app.py", line 1499, in _setup_window
    self.setPalette(QtTheme.create_dark_palette())
                    ^^^^^^^^^^^^^^^^^^^^^^^^^^^
AttributeError: type object 'QtTheme' has no attribute 'create_dark_palette'. Did you mean: 'get_dark_palette'?
2026-01-01 11:29:25,400 - INFO - App shutdown complete.
2026-01-01 11:32:45,047 - INFO - Starting Story Bible App - PyQt6 Version
2026-01-01 11:32:45,050 - INFO - Database initialized at C:\Users\user\Desktop\ai-desktop-assist\data\story_bible.db
2026-01-01 11:32:45,050 - ERROR - Model initialization failed: No .gguf model found in C:\Users\user\Desktop\ai-desktop-assist\models\llama
2026-01-01 11:32:45,151 - INFO - Background image loaded: C:\Users\user\Desktop\ai-desktop-assist\src\ui\assets\backgroundimg.png
2026-01-01 11:32:45,634 - CRITICAL - Unhandled app exception: type object 'QtTheme' has no attribute 'get_font_prose'
Traceback (most recent call last):
  File "C:\Users\user\Desktop\ai-desktop-assist\main.py", line 70, in main
    main_window = StoryBibleApp(ai_engine, db_mgr)
  File "C:\Users\user\Desktop\ai-desktop-assist\src\ui\qt_app.py", line 1485, in __init__
    self._create_ui()
    ~~~~~~~~~~~~~~~^^
  File "C:\Users\user\Desktop\ai-desktop-assist\src\ui\qt_app.py", line 1531, in _create_ui
    self.center_panel = CenterPanel(self.db_manager, self.ai_engine)
                        ~~~~~~~~~~~^^^^^^^^^^^^^^^^^^^^^^^^^^^^^^^^^
  File "C:\Users\user\Desktop\ai-desktop-assist\src\ui\qt_app.py", line 727, in __init__
    self._setup_ui()
    ~~~~~~~~~~~~~~^^
  File "C:\Users\user\Desktop\ai-desktop-assist\src\ui\qt_app.py", line 759, in _setup_ui
    self._create_writing_canvas()
    ~~~~~~~~~~~~~~~~~~~~~~~~~~~^^
  File "C:\Users\user\Desktop\ai-desktop-assist\src\ui\qt_app.py", line 817, in _create_writing_canvas
    self.editor_textbox.setFont(QtTheme.get_font_prose())
                                ^^^^^^^^^^^^^^^^^^^^^^
AttributeError: type object 'QtTheme' has no attribute 'get_font_prose'. Did you mean: 'get_font_code'?
2026-01-01 11:32:45,638 - INFO - App shutdown complete.
2026-01-01 18:30:44,615 - INFO - Starting Story Bible App - PyQt6 Version
2026-01-01 18:30:44,617 - INFO - Database initialized at /home/sabona/Downloads/Telegram Desktop/ai-desktop-assist/data/story_bible.db
2026-01-01 18:30:44,617 - ERROR - Model initialization failed: No .gguf model found in /home/sabona/Downloads/Telegram Desktop/ai-desktop-assist/models/llama
2026-01-01 18:30:44,699 - INFO - Background image loaded: /home/sabona/Downloads/Telegram Desktop/ai-desktop-assist/src/ui/assets/backgroundimg.png
2026-01-01 18:30:47,650 - INFO - Application exited cleanly.
2026-01-01 18:30:47,650 - INFO - App shutdown complete.
2026-01-01 18:30:54,810 - INFO - Starting Story Bible App - PyQt6 Version
2026-01-01 18:30:54,811 - INFO - Database initialized at /home/sabona/Downloads/Telegram Desktop/ai-desktop-assist/data/story_bible.db
2026-01-01 18:30:54,812 - ERROR - Model initialization failed: No .gguf model found in /home/sabona/Downloads/Telegram Desktop/ai-desktop-assist/models/llama
2026-01-01 18:30:54,903 - INFO - Background image loaded: /home/sabona/Downloads/Telegram Desktop/ai-desktop-assist/src/ui/assets/backgroundimg.png
2026-01-01 18:30:57,512 - INFO - Application exited cleanly.
2026-01-01 18:30:57,513 - INFO - App shutdown complete.
2026-01-01 18:31:00,962 - INFO - Starting Story Bible App - PyQt6 Version
2026-01-01 18:31:00,963 - INFO - Database initialized at /home/sabona/Downloads/Telegram Desktop/ai-desktop-assist/data/story_bible.db
2026-01-01 18:31:00,964 - ERROR - Model initialization failed: No .gguf model found in /home/sabona/Downloads/Telegram Desktop/ai-desktop-assist/models/llama
2026-01-01 18:31:01,050 - INFO - Background image loaded: /home/sabona/Downloads/Telegram Desktop/ai-desktop-assist/src/ui/assets/backgroundimg.png
2026-01-01 18:31:17,090 - INFO - CharacterWidget.set_project_id called with project_id=3
2026-01-01 18:31:17,091 - INFO - CharacterWidget._load_characters called with project_id=3
2026-01-01 18:31:17,092 - INFO - CharacterWidget: Found 0 characters for project 3
2026-01-01 18:31:17,093 - INFO - Set character_widget project_id to 3
2026-01-01 18:31:17,094 - ERROR - Failed to load story bible: tuple index out of range
2026-01-01 18:31:45,929 - INFO - Created blank character: Sabona
2026-01-01 18:31:45,929 - INFO - CharacterWidget._load_characters called with project_id=3
2026-01-01 18:31:45,931 - INFO - CharacterWidget: Found 1 characters for project 3
2026-01-01 18:31:45,931 - INFO - Creating card for character: Sabona
2026-01-01 18:31:48,084 - INFO - Character 14 visibility: False
2026-01-01 18:31:48,556 - INFO - Character 14 visibility: True
2026-01-01 18:31:54,094 - INFO - Deleted character 14
2026-01-01 18:31:54,094 - INFO - CharacterWidget._load_characters called with project_id=3
2026-01-01 18:31:54,096 - INFO - CharacterWidget: Found 0 characters for project 3
2026-01-01 18:32:29,120 - INFO - Format action applied: font
2026-01-01 18:32:30,973 - INFO - Format action applied: h2
2026-01-01 18:32:32,124 - INFO - Format action applied: h1
2026-01-01 18:32:35,367 - INFO - Format action applied: font
2026-01-01 18:32:36,289 - INFO - Format action applied: h3
2026-01-01 18:32:36,968 - INFO - Format action applied: h3
2026-01-01 18:32:37,160 - INFO - Format action applied: h3
2026-01-01 18:32:38,066 - INFO - Format action applied: h2
2026-01-01 18:32:38,915 - INFO - Format action applied: h3
2026-01-01 18:32:39,617 - INFO - Format action applied: h2
2026-01-01 18:32:40,252 - INFO - Format action applied: h3
2026-01-01 18:32:42,108 - INFO - Format action applied: undo
2026-01-01 18:32:42,291 - INFO - Format action applied: undo
2026-01-01 18:32:42,460 - INFO - Format action applied: undo
2026-01-01 18:32:42,654 - INFO - Format action applied: undo
2026-01-01 18:32:42,831 - INFO - Format action applied: undo
2026-01-01 18:32:42,990 - INFO - Format action applied: undo
2026-01-01 18:32:43,149 - INFO - Format action applied: undo
2026-01-01 18:32:43,333 - INFO - Format action applied: undo
2026-01-01 18:32:43,517 - INFO - Format action applied: undo
2026-01-01 18:32:43,724 - INFO - Format action applied: undo
2026-01-01 18:32:43,946 - INFO - Format action applied: undo
2026-01-01 18:32:45,534 - INFO - Format action applied: undo
2026-01-01 18:40:34,798 - INFO - Starting Story Bible App - PyQt6 Version
2026-01-01 18:40:34,799 - INFO - Database initialized at /home/sabona/Downloads/Telegram Desktop/ai-desktop-assist/data/story_bible.db
2026-01-01 18:40:34,800 - INFO - Loading model from /home/sabona/Downloads/Telegram Desktop/ai-desktop-assist/models/llama/Meta-Llama-3.1-8B-Instruct-Q4_K_M.gguf with n_gpu_layers=-1
2026-01-01 18:40:39,028 - INFO - Model loaded successfully.
2026-01-01 18:40:39,101 - INFO - Background image loaded: /home/sabona/Downloads/Telegram Desktop/ai-desktop-assist/src/ui/assets/backgroundimg.png
2026-01-01 18:40:41,581 - INFO - Generating AI response...
2026-01-01 18:42:36,101 - INFO - Toolbar action: write - Continue Writing
2026-01-01 18:42:36,103 - INFO - Generating AI response...
2026-01-01 18:54:44,052 - INFO - CharacterWidget.set_project_id called with project_id=3
2026-01-01 18:54:44,061 - INFO - CharacterWidget._load_characters called with project_id=3
2026-01-01 18:54:44,062 - INFO - CharacterWidget: Found 0 characters for project 3
2026-01-01 18:54:44,063 - INFO - Set character_widget project_id to 3
2026-01-01 18:54:44,065 - ERROR - Failed to load story bible: tuple index out of range
2026-01-01 18:57:18,643 - INFO - Starting Story Bible App - PyQt6 Version
2026-01-01 18:57:18,644 - INFO - Database initialized at /home/sabona/Downloads/Telegram Desktop/ai-desktop-assist/data/story_bible.db
2026-01-01 18:57:18,644 - INFO - Loading model from /home/sabona/Downloads/Telegram Desktop/ai-desktop-assist/models/llama/Meta-Llama-3.1-8B-Instruct-Q4_K_M.gguf with n_gpu_layers=-1
2026-01-01 18:57:22,098 - INFO - Model loaded successfully.
2026-01-01 18:57:22,163 - INFO - Background image loaded: /home/sabona/Downloads/Telegram Desktop/ai-desktop-assist/src/ui/assets/backgroundimg.png
2026-01-01 18:58:11,699 - INFO - Starting Story Bible App - PyQt6 Version
2026-01-01 18:58:11,701 - INFO - Database initialized at /home/sabona/Downloads/Telegram Desktop/ai-desktop-assist/data/story_bible.db
2026-01-01 18:58:11,702 - INFO - Loading model from /home/sabona/Downloads/Telegram Desktop/ai-desktop-assist/models/llama/Meta-Llama-3.1-8B-Instruct-Q4_K_M.gguf with n_gpu_layers=-1
2026-01-01 18:58:15,615 - INFO - Model loaded successfully.
2026-01-01 18:58:16,364 - INFO - Background image loaded: /home/sabona/Downloads/Telegram Desktop/ai-desktop-assist/src/ui/assets/backgroundimg.png
2026-01-01 18:58:34,960 - INFO - CharacterWidget.set_project_id called with project_id=3
2026-01-01 18:58:34,960 - INFO - CharacterWidget._load_characters called with project_id=3
2026-01-01 18:58:34,961 - INFO - CharacterWidget: Found 0 characters for project 3
2026-01-01 18:58:34,962 - INFO - Set character_widget project_id to 3
2026-01-01 18:58:34,963 - ERROR - Failed to load story bible: tuple index out of range
2026-01-01 18:59:21,905 - INFO - Created blank character: Sabona
2026-01-01 18:59:21,905 - INFO - CharacterWidget._load_characters called with project_id=3
2026-01-01 18:59:21,907 - INFO - CharacterWidget: Found 1 characters for project 3
2026-01-01 18:59:21,908 - INFO - Creating card for character: Sabona
2026-01-01 19:00:24,206 - INFO - Character 15 visibility: False
2026-01-01 19:00:28,837 - INFO - Character 15 visibility: True
2026-01-01 19:03:42,645 - INFO - Unloading model and freeing VRAM...
2026-01-01 19:03:43,114 - INFO - Application exited cleanly.
2026-01-01 19:03:43,114 - INFO - App shutdown complete.
2026-01-01 19:04:02,847 - INFO - Starting Story Bible App - PyQt6 Version
2026-01-01 19:04:02,848 - INFO - Database initialized at /home/sabona/Downloads/Telegram Desktop/ai-desktop-assist/data/story_bible.db
2026-01-01 19:04:02,848 - INFO - Loading model from /home/sabona/Downloads/Telegram Desktop/ai-desktop-assist/models/llama/Meta-Llama-3.1-8B-Instruct-Q4_K_M.gguf with n_gpu_layers=-1
2026-01-01 19:04:05,846 - INFO - Model loaded successfully.
2026-01-01 19:04:05,906 - INFO - Background image loaded: /home/sabona/Downloads/Telegram Desktop/ai-desktop-assist/src/ui/assets/backgroundimg.png
2026-01-01 19:04:17,793 - INFO - CharacterWidget.set_project_id called with project_id=3
2026-01-01 19:04:17,793 - INFO - CharacterWidget._load_characters called with project_id=3
2026-01-01 19:04:17,794 - INFO - CharacterWidget: Found 1 characters for project 3
2026-01-01 19:04:17,795 - INFO - Creating card for character: Sabona
2026-01-01 19:04:17,895 - INFO - Set character_widget project_id to 3
2026-01-01 19:14:26,439 - INFO - Starting Story Bible App - PyQt6 Version
2026-01-01 19:14:26,448 - INFO - Database initialized at /home/sabona/Downloads/Telegram Desktop/ai-desktop-assist/data/story_bible.db
2026-01-01 19:14:26,448 - INFO - Loading model from /home/sabona/Downloads/Telegram Desktop/ai-desktop-assist/models/llama/Meta-Llama-3.1-8B-Instruct-Q4_K_M.gguf with n_gpu_layers=-1
2026-01-01 19:14:28,455 - INFO - Model loaded successfully.
2026-01-01 19:14:28,553 - INFO - Background image loaded: /home/sabona/Downloads/Telegram Desktop/ai-desktop-assist/src/ui/assets/backgroundimg.png
2026-01-01 19:14:39,427 - INFO - CharacterWidget.set_project_id called with project_id=3
2026-01-01 19:14:39,427 - INFO - CharacterWidget._load_characters called with project_id=3
2026-01-01 19:14:39,429 - INFO - CharacterWidget: Found 1 characters for project 3
2026-01-01 19:14:39,429 - INFO - Creating card for character: Sabona
2026-01-01 19:14:39,530 - INFO - Set character_widget project_id to 3
2026-01-01 19:14:48,018 - INFO - Deleted character 15
2026-01-01 19:14:48,018 - INFO - CharacterWidget._load_characters called with project_id=3
2026-01-01 19:14:48,020 - INFO - CharacterWidget: Found 0 characters for project 3
2026-01-01 19:14:52,841 - INFO - Generating AI response...
2026-01-01 19:23:36,091 - INFO - Starting Story Bible App - PyQt6 Version
2026-01-01 19:23:36,094 - INFO - Database initialized at /home/sabona/Downloads/Telegram Desktop/ai-desktop-assist/data/story_bible.db
2026-01-01 19:23:36,095 - INFO - Loading model from /home/sabona/Downloads/Telegram Desktop/ai-desktop-assist/models/llama/Meta-Llama-3.1-8B-Instruct-Q4_K_M.gguf with n_gpu_layers=-1
2026-01-01 19:23:38,316 - INFO - Model loaded successfully.
2026-01-01 19:23:38,375 - INFO - Background image loaded: /home/sabona/Downloads/Telegram Desktop/ai-desktop-assist/src/ui/assets/backgroundimg.png
2026-01-01 19:24:05,525 - INFO - CharacterWidget.set_project_id called with project_id=3
2026-01-01 19:24:05,526 - INFO - CharacterWidget._load_characters called with project_id=3
2026-01-01 19:24:05,527 - INFO - CharacterWidget: Found 0 characters for project 3
2026-01-01 19:24:05,528 - INFO - Set character_widget project_id to 3
2026-01-01 19:24:13,879 - INFO - Generating AI response...
2026-01-01 19:32:43,136 - INFO - Starting Story Bible App - PyQt6 Version
2026-01-01 19:32:43,137 - INFO - Database initialized at /home/sabona/Downloads/Telegram Desktop/ai-desktop-assist/data/story_bible.db
2026-01-01 19:32:43,137 - INFO - Loading model from /home/sabona/Downloads/Telegram Desktop/ai-desktop-assist/models/llama/Meta-Llama-3.1-8B-Instruct-Q4_K_M.gguf with n_gpu_layers=-1
2026-01-01 19:32:44,745 - INFO - Model loaded successfully.
2026-01-01 19:32:44,800 - INFO - Background image loaded: /home/sabona/Downloads/Telegram Desktop/ai-desktop-assist/src/ui/assets/backgroundimg.png
2026-01-01 19:32:48,272 - INFO - CharacterWidget.set_project_id called with project_id=3
2026-01-01 19:32:48,273 - INFO - CharacterWidget._load_characters called with project_id=3
2026-01-01 19:32:48,273 - INFO - CharacterWidget: Found 0 characters for project 3
2026-01-01 19:32:48,273 - INFO - Set character_widget project_id to 3
2026-01-01 19:32:56,987 - INFO - Generating AI response...
2026-01-01 19:35:42,259 - ERROR - Failed to parse surprise character: Expecting ',' delimiter: line 7 column 50 (char 875)
2026-01-01 19:39:22,380 - INFO - Starting Story Bible App - PyQt6 Version
2026-01-01 19:39:22,381 - INFO - Database initialized at /home/sabona/Downloads/Telegram Desktop/ai-desktop-assist/data/story_bible.db
2026-01-01 19:39:22,381 - INFO - Loading model from /home/sabona/Downloads/Telegram Desktop/ai-desktop-assist/models/llama/Meta-Llama-3.1-8B-Instruct-Q4_K_M.gguf with n_gpu_layers=-1
2026-01-01 19:39:23,935 - INFO - Model loaded successfully.
2026-01-01 19:39:23,996 - INFO - Background image loaded: /home/sabona/Downloads/Telegram Desktop/ai-desktop-assist/src/ui/assets/backgroundimg.png
2026-01-01 19:39:29,285 - INFO - CharacterWidget.set_project_id called with project_id=3
2026-01-01 19:39:29,285 - INFO - CharacterWidget._load_characters called with project_id=3
2026-01-01 19:39:29,287 - INFO - CharacterWidget: Found 0 characters for project 3
2026-01-01 19:39:29,288 - INFO - Set character_widget project_id to 3
2026-01-01 19:39:36,188 - INFO - Generating AI response...
2026-01-01 19:42:07,924 - ERROR - Failed to parse surprise character: No JSON found in response
2026-01-01 19:45:32,629 - INFO - Starting Story Bible App - PyQt6 Version
2026-01-01 19:45:32,630 - INFO - Database initialized at /home/sabona/Downloads/Telegram Desktop/ai-desktop-assist/data/story_bible.db
2026-01-01 19:45:32,631 - INFO - Loading model from /home/sabona/Downloads/Telegram Desktop/ai-desktop-assist/models/llama/Meta-Llama-3.1-8B-Instruct-Q4_K_M.gguf with n_gpu_layers=-1
2026-01-01 19:45:34,200 - INFO - Model loaded successfully.
2026-01-01 19:45:34,258 - INFO - Background image loaded: /home/sabona/Downloads/Telegram Desktop/ai-desktop-assist/src/ui/assets/backgroundimg.png
2026-01-01 19:45:39,820 - INFO - CharacterWidget.set_project_id called with project_id=3
2026-01-01 19:45:39,821 - INFO - CharacterWidget._load_characters called with project_id=3
2026-01-01 19:45:39,822 - INFO - CharacterWidget: Found 0 characters for project 3
2026-01-01 19:45:39,823 - INFO - Set character_widget project_id to 3
2026-01-01 19:45:44,017 - INFO - Generating AI response...
2026-01-01 19:48:09,855 - WARNING - JSON incomplete, attempting to repair...
2026-01-01 19:48:09,856 - INFO - Successfully repaired JSON with candidate ending: ...ct Kool."}
2026-01-01 19:48:09,856 - ERROR - Failed to parse surprise character: table characters has no column named physical_description
2026-01-01 19:52:02,579 - INFO - Starting Story Bible App - PyQt6 Version
2026-01-01 19:52:02,583 - INFO - Migrating characters table schema...
2026-01-01 19:52:02,609 - INFO - Characters table migration complete.
2026-01-01 19:52:02,611 - INFO - Database initialized at /home/sabona/Downloads/Telegram Desktop/ai-desktop-assist/data/story_bible.db
2026-01-01 19:52:02,612 - INFO - Loading model from /home/sabona/Downloads/Telegram Desktop/ai-desktop-assist/models/llama/Meta-Llama-3.1-8B-Instruct-Q4_K_M.gguf with n_gpu_layers=-1
2026-01-01 19:52:04,546 - INFO - Model loaded successfully.
2026-01-01 19:52:04,607 - INFO - Background image loaded: /home/sabona/Downloads/Telegram Desktop/ai-desktop-assist/src/ui/assets/backgroundimg.png
2026-01-01 19:53:18,461 - INFO - CharacterWidget.set_project_id called with project_id=3
2026-01-01 19:53:18,461 - INFO - CharacterWidget._load_characters called with project_id=3
2026-01-01 19:53:18,463 - INFO - CharacterWidget: Found 0 characters for project 3
2026-01-01 19:53:18,464 - INFO - Set character_widget project_id to 3
2026-01-01 19:53:35,409 - INFO - Generating AI response...
2026-01-01 19:56:00,121 - WARNING - JSON incomplete, attempting to repair...
2026-01-01 19:56:00,121 - INFO - Successfully repaired JSON with candidate ending: ...ct Kool."}
2026-01-01 19:56:00,139 - INFO - Surprise character generated: Elianore 'Eli' Quasar
2026-01-01 19:56:00,139 - INFO - CharacterWidget._load_characters called with project_id=3
2026-01-01 19:56:00,139 - INFO - CharacterWidget: Found 1 characters for project 3
2026-01-01 19:56:00,140 - INFO - Creating card for character: Elianore 'Eli' Quasar
2026-01-01 20:01:28,164 - INFO - Starting Story Bible App - PyQt6 Version
2026-01-01 20:01:28,166 - INFO - Database initialized at /home/sabona/Downloads/Telegram Desktop/ai-desktop-assist/data/story_bible.db
2026-01-01 20:01:28,166 - INFO - Loading model from /home/sabona/Downloads/Telegram Desktop/ai-desktop-assist/models/llama/Meta-Llama-3.1-8B-Instruct-Q4_K_M.gguf with n_gpu_layers=-1
2026-01-01 20:01:29,758 - INFO - Model loaded successfully.
2026-01-01 20:01:29,822 - INFO - Background image loaded: /home/sabona/Downloads/Telegram Desktop/ai-desktop-assist/src/ui/assets/backgroundimg.png
2026-01-01 20:01:40,492 - INFO - CharacterWidget.set_project_id called with project_id=3
2026-01-01 20:01:40,493 - INFO - CharacterWidget._load_characters called with project_id=3
2026-01-01 20:01:40,494 - INFO - CharacterWidget: Found 1 characters for project 3
2026-01-01 20:01:40,494 - INFO - Creating card for character: Elianore 'Eli' Quasar
2026-01-01 20:01:40,716 - INFO - Set character_widget project_id to 3
2026-01-01 20:01:57,337 - INFO - Generating AI response...
2026-01-01 20:04:18,855 - WARNING - JSON incomplete, attempting to repair...
2026-01-01 20:04:18,855 - ERROR - Failed to parse surprise character: Could not repair malformed JSON
2026-01-01 20:05:30,156 - INFO - Unloading model and freeing VRAM...
2026-01-01 20:05:30,362 - INFO - Application exited cleanly.
2026-01-01 20:05:30,363 - INFO - App shutdown complete.
2026-01-01 20:06:14,400 - INFO - Starting Story Bible App - PyQt6 Version
2026-01-01 20:06:14,401 - INFO - Database initialized at /home/sabona/Downloads/Telegram Desktop/ai-desktop-assist/data/story_bible.db
2026-01-01 20:06:14,402 - INFO - Loading model from /home/sabona/Downloads/Telegram Desktop/ai-desktop-assist/models/llama/Meta-Llama-3.1-8B-Instruct-Q4_K_M.gguf with n_gpu_layers=-1
2026-01-01 20:06:16,057 - INFO - Model loaded successfully.
2026-01-01 20:06:16,115 - INFO - Background image loaded: /home/sabona/Downloads/Telegram Desktop/ai-desktop-assist/src/ui/assets/backgroundimg.png
2026-01-01 20:06:31,797 - INFO - CharacterWidget.set_project_id called with project_id=3
2026-01-01 20:06:31,797 - INFO - CharacterWidget._load_characters called with project_id=3
2026-01-01 20:06:31,806 - INFO - CharacterWidget: Found 1 characters for project 3
2026-01-01 20:06:31,807 - INFO - Creating card for character: Elianore 'Eli' Quasar
2026-01-01 20:06:32,011 - INFO - Set character_widget project_id to 3
2026-01-01 20:06:36,629 - INFO - Generating AI response...
2026-01-01 20:08:59,468 - WARNING - JSON incomplete, attempting to repair...
2026-01-01 20:08:59,468 - WARNING - JSON repair failed, attempting Regex fallback extraction...
2026-01-01 20:08:59,470 - INFO - Regex fallback successful
2026-01-01 20:08:59,484 - INFO - Surprise character generated: Kaelin Vexar
2026-01-01 20:08:59,484 - INFO - CharacterWidget._load_characters called with project_id=3
2026-01-01 20:08:59,485 - INFO - CharacterWidget: Found 2 characters for project 3
2026-01-01 20:08:59,485 - INFO - Creating card for character: Elianore 'Eli' Quasar
2026-01-01 20:08:59,566 - INFO - Creating card for character: Kaelin Vexar
2026-01-01 20:09:36,828 - INFO - Character 4 updated: backstory = ...
2026-01-01 20:09:36,830 - INFO - Auto-saved backstory for character 4
2026-01-01 20:09:37,637 - INFO - Character 4 updated: backstory = Kaelin was once a skilled hacker and member of an ...
2026-01-01 20:09:37,638 - INFO - Auto-saved backstory for character 4
2026-01-01 20:09:37,898 - INFO - Character 4 updated: backstory = Kaelin was once a skilled hacker and member of an ...
2026-01-01 20:09:37,901 - INFO - Auto-saved backstory for character 4
2026-01-01 20:09:38,110 - INFO - Character 4 updated: backstory = Kaelin was once a skilled hacker and member of an ...
2026-01-01 20:09:38,112 - INFO - Auto-saved backstory for character 4
2026-01-01 20:09:38,312 - INFO - Character 4 updated: backstory = Kaelin was once a skilled hacker and member of an ...
2026-01-01 20:09:38,314 - INFO - Auto-saved backstory for character 4
2026-01-01 20:09:38,496 - INFO - Character 4 updated: backstory = Kaelin was once a skilled hacker and member of an ...
2026-01-01 20:09:38,498 - INFO - Auto-saved backstory for character 4
2026-01-01 20:09:38,669 - INFO - Character 4 updated: backstory = Kaelin was once a skilled hacker and member of an ...
2026-01-01 20:09:38,671 - INFO - Auto-saved backstory for character 4
2026-01-01 20:09:39,401 - INFO - Character 4 updated: backstory = Kaelin was once a skilled hacker and member of an ...
2026-01-01 20:09:39,403 - INFO - Auto-saved backstory for character 4
2026-01-01 20:09:39,563 - INFO - Character 4 updated: backstory = Kaelin was once a skilled hacker and member of an ...
2026-01-01 20:09:39,565 - INFO - Auto-saved backstory for character 4
2026-01-01 20:09:39,761 - INFO - Character 4 updated: backstory = Kaelin was once a skilled hacker and member of an ...
2026-01-01 20:09:39,763 - INFO - Auto-saved backstory for character 4
2026-01-01 20:09:39,950 - INFO - Character 4 updated: backstory = Kaelin was once a skilled hacker and member of an ...
2026-01-01 20:09:39,951 - INFO - Auto-saved backstory for character 4
2026-01-01 20:09:40,161 - INFO - Character 4 updated: backstory = Kaelin was once a skilled hacker and member of an ...
2026-01-01 20:09:40,163 - INFO - Auto-saved backstory for character 4
2026-01-01 20:09:40,926 - INFO - Character 4 updated: backstory = ...
2026-01-01 20:09:40,928 - INFO - Auto-saved backstory for character 4
2026-01-01 20:09:41,827 - INFO - Character 4 updated: backstory = Kaelin was once a skilled hacker and member of an ...
2026-01-01 20:09:41,830 - INFO - Auto-saved backstory for character 4
2026-01-01 20:09:50,844 - INFO - Character 4 updated: role = Other...
2026-01-01 20:09:50,847 - INFO - Auto-saved role for character 4: Other
2026-01-01 20:09:50,924 - INFO - Character 4 updated: role = Sidekick...
2026-01-01 20:09:50,926 - INFO - Auto-saved role for character 4: Sidekick
2026-01-01 20:09:51,100 - INFO - Character 4 updated: role = Love Interest...
2026-01-01 20:09:51,101 - INFO - Auto-saved role for character 4: Love Interest
2026-01-01 20:10:26,160 - INFO - Character 4 visibility: False
2026-01-01 20:11:56,566 - INFO - Character 4 visibility: True
2026-01-01 20:12:14,758 - INFO - Character 3 updated: role = Other...
2026-01-01 20:12:14,759 - INFO - Auto-saved role for character 3: Other
2026-01-01 20:12:14,775 - INFO - Character 3 updated: role = Sidekick...
2026-01-01 20:12:14,777 - INFO - Auto-saved role for character 3: Sidekick
2026-01-01 20:12:14,795 - INFO - Character 3 updated: role = Love Interest...
2026-01-01 20:12:14,797 - INFO - Auto-saved role for character 3: Love Interest
2026-01-01 20:12:14,816 - INFO - Character 3 updated: role = Mentor...
2026-01-01 20:12:14,817 - INFO - Auto-saved role for character 3: Mentor
2026-01-01 20:12:14,836 - INFO - Character 3 updated: role = Minor...
2026-01-01 20:12:14,838 - INFO - Auto-saved role for character 3: Minor
2026-01-01 20:12:14,857 - INFO - Character 3 updated: role = Supporting...
2026-01-01 20:12:14,859 - INFO - Auto-saved role for character 3: Supporting
2026-01-01 20:12:15,156 - INFO - Character 3 updated: role = Antagonist...
2026-01-01 20:12:15,157 - INFO - Auto-saved role for character 3: Antagonist
2026-01-01 20:12:15,184 - INFO - Character 3 updated: role = Protagonist...
2026-01-01 20:12:15,186 - INFO - Auto-saved role for character 3: Protagonist
2026-01-01 20:12:16,459 - INFO - CharacterWidget.set_project_id called with project_id=3
2026-01-01 20:12:16,460 - INFO - CharacterWidget._load_characters called with project_id=3
2026-01-01 20:12:16,462 - INFO - CharacterWidget: Found 2 characters for project 3
2026-01-01 20:12:16,462 - INFO - Creating card for character: Elianore 'Eli' Quasar
2026-01-01 20:12:16,673 - INFO - Creating card for character: Kaelin Vexar
2026-01-01 20:12:16,768 - INFO - Set character_widget project_id to 3
2026-01-01 20:12:17,517 - INFO - CharacterWidget.set_project_id called with project_id=3
2026-01-01 20:12:17,518 - INFO - CharacterWidget._load_characters called with project_id=3
2026-01-01 20:12:17,519 - INFO - CharacterWidget: Found 2 characters for project 3
2026-01-01 20:12:17,520 - INFO - Creating card for character: Elianore 'Eli' Quasar
2026-01-01 20:12:17,730 - INFO - Creating card for character: Kaelin Vexar
2026-01-01 20:12:17,799 - INFO - Set character_widget project_id to 3
2026-01-01 20:13:06,454 - INFO - Toolbar action: more_tools - Export
2026-01-01 20:13:08,718 - INFO - Toolbar action: more_tools - Export
2026-01-01 20:13:10,158 - INFO - Toolbar action: more_tools - Settings
2026-01-01 20:13:12,438 - INFO - Toolbar action: more_tools - Import
2026-01-01 20:13:15,174 - INFO - Toolbar action: brainstorm - Character Ideas
2026-01-01 20:13:15,196 - INFO - DEBUG: ask_lore_assistant called. Memory len: 186
2026-01-01 20:13:15,197 - INFO - Generating AI response...
2026-01-01 20:13:17,230 - INFO - Toolbar action: brainstorm - Plot Twists
2026-01-01 20:13:19,231 - INFO - Toolbar action: brainstorm - Setting Details
2026-01-01 20:15:00,555 - INFO - Generating AI response...
2026-01-01 20:18:55,287 - ERROR - Failed to parse AI response: Expecting ',' delimiter: line 7 column 48 (char 1200)
2026-01-01 20:21:20,964 - INFO - Unloading model and freeing VRAM...
2026-01-01 20:21:21,331 - INFO - Application exited cleanly.
2026-01-01 20:21:21,331 - INFO - App shutdown complete.
2026-01-01 20:21:28,424 - INFO - Starting Story Bible App - PyQt6 Version
2026-01-01 20:21:28,425 - INFO - Database initialized at /home/sabona/Downloads/Telegram Desktop/ai-desktop-assist/data/story_bible.db
2026-01-01 20:21:28,426 - INFO - Loading model from /home/sabona/Downloads/Telegram Desktop/ai-desktop-assist/models/llama/Meta-Llama-3.1-8B-Instruct-Q4_K_M.gguf with n_gpu_layers=-1
2026-01-01 20:21:30,250 - INFO - Model loaded successfully.
2026-01-01 20:21:30,394 - INFO - Background image loaded: /home/sabona/Downloads/Telegram Desktop/ai-desktop-assist/src/ui/assets/backgroundimg.png
2026-01-01 20:21:40,910 - INFO - CharacterWidget.set_project_id called with project_id=3
2026-01-01 20:21:40,910 - INFO - CharacterWidget._load_characters called with project_id=3
2026-01-01 20:21:40,912 - INFO - CharacterWidget: Found 2 characters for project 3
2026-01-01 20:21:40,913 - INFO - Creating card for character: Elianore 'Eli' Quasar
2026-01-01 20:21:41,113 - INFO - Creating card for character: Kaelin Vexar
2026-01-01 20:21:41,169 - INFO - Set character_widget project_id to 3
2026-01-01 20:23:23,121 - INFO - Character 3 updated: role = Antagonist...
2026-01-01 20:23:23,123 - INFO - Auto-saved role for character 3: Antagonist
2026-01-01 20:23:23,153 - INFO - Character 3 updated: role = Supporting...
2026-01-01 20:23:23,154 - INFO - Auto-saved role for character 3: Supporting
2026-01-01 20:23:23,185 - INFO - Character 3 updated: role = Minor...
2026-01-01 20:23:23,186 - INFO - Auto-saved role for character 3: Minor
2026-01-01 20:23:23,225 - INFO - Character 3 updated: role = Mentor...
2026-01-01 20:23:23,227 - INFO - Auto-saved role for character 3: Mentor
2026-01-01 20:23:23,537 - INFO - Character 3 updated: role = Love Interest...
2026-01-01 20:23:23,537 - INFO - Auto-saved role for character 3: Love Interest
2026-01-01 20:23:26,970 - INFO - Character 3 updated: role = Protagonist...
2026-01-01 20:23:26,972 - INFO - Auto-saved role for character 3: Protagonist
2026-01-01 20:23:30,409 - INFO - Character 3 updated: role = Antagonist...
2026-01-01 20:23:30,412 - INFO - Auto-saved role for character 3: Antagonist
2026-01-01 20:23:30,449 - INFO - Character 3 updated: role = Supporting...
2026-01-01 20:23:30,450 - INFO - Auto-saved role for character 3: Supporting
2026-01-01 20:23:30,481 - INFO - Character 3 updated: role = Minor...
2026-01-01 20:23:30,481 - INFO - Auto-saved role for character 3: Minor
2026-01-01 20:23:30,521 - INFO - Character 3 updated: role = Mentor...
2026-01-01 20:23:30,522 - INFO - Auto-saved role for character 3: Mentor
2026-01-01 20:23:30,609 - INFO - Character 3 updated: role = Love Interest...
2026-01-01 20:23:30,610 - INFO - Auto-saved role for character 3: Love Interest
2026-01-01 20:23:30,962 - INFO - Character 3 updated: role = Sidekick...
2026-01-01 20:23:30,963 - INFO - Auto-saved role for character 3: Sidekick
2026-01-01 20:23:30,993 - INFO - Character 3 updated: role = Other...
2026-01-01 20:23:30,995 - INFO - Auto-saved role for character 3: Other
2026-01-01 20:23:31,801 - INFO - Character 3 updated: role = Sidekick...
2026-01-01 20:23:31,804 - INFO - Auto-saved role for character 3: Sidekick
2026-01-01 20:23:31,954 - INFO - Character 3 updated: role = Love Interest...
2026-01-01 20:23:31,960 - INFO - Auto-saved role for character 3: Love Interest
2026-01-01 20:23:32,049 - INFO - Character 3 updated: role = Mentor...
2026-01-01 20:23:32,051 - INFO - Auto-saved role for character 3: Mentor
2026-01-01 20:23:32,289 - INFO - Character 3 updated: role = Minor...
2026-01-01 20:23:32,291 - INFO - Auto-saved role for character 3: Minor
2026-01-01 20:23:32,361 - INFO - Character 3 updated: role = Supporting...
2026-01-01 20:23:32,362 - INFO - Auto-saved role for character 3: Supporting
2026-01-01 20:23:32,433 - INFO - Character 3 updated: role = Antagonist...
2026-01-01 20:23:32,434 - INFO - Auto-saved role for character 3: Antagonist
2026-01-01 20:23:32,529 - INFO - Character 3 updated: role = Protagonist...
2026-01-01 20:23:32,530 - INFO - Auto-saved role for character 3: Protagonist
2026-01-01 20:23:32,961 - INFO - Character 3 updated: role = Antagonist...
2026-01-01 20:23:32,962 - INFO - Auto-saved role for character 3: Antagonist
2026-01-01 20:23:32,985 - INFO - Character 3 updated: role = Supporting...
2026-01-01 20:23:32,986 - INFO - Auto-saved role for character 3: Supporting
2026-01-01 20:23:33,025 - INFO - Character 3 updated: role = Minor...
2026-01-01 20:23:33,026 - INFO - Auto-saved role for character 3: Minor
2026-01-01 20:23:33,257 - INFO - Character 3 updated: role = Mentor...
2026-01-01 20:23:33,258 - INFO - Auto-saved role for character 3: Mentor
2026-01-01 20:23:33,505 - INFO - Character 3 updated: role = Love Interest...
2026-01-01 20:23:33,506 - INFO - Auto-saved role for character 3: Love Interest
2026-01-01 20:23:34,241 - INFO - Character 3 updated: role = Sidekick...
2026-01-01 20:23:34,243 - INFO - Auto-saved role for character 3: Sidekick
2026-01-01 20:23:34,690 - INFO - Character 3 updated: role = Other...
2026-01-01 20:23:34,691 - INFO - Auto-saved role for character 3: Other
2026-01-01 20:23:35,690 - INFO - Character 3 updated: role = Sidekick...
2026-01-01 20:23:35,692 - INFO - Auto-saved role for character 3: Sidekick
2026-01-01 20:23:35,818 - INFO - Character 3 updated: role = Love Interest...
2026-01-01 20:23:35,819 - INFO - Auto-saved role for character 3: Love Interest
2026-01-01 20:23:35,882 - INFO - Character 3 updated: role = Mentor...
2026-01-01 20:23:35,883 - INFO - Auto-saved role for character 3: Mentor
2026-01-01 20:23:35,993 - INFO - Character 3 updated: role = Minor...
2026-01-01 20:23:35,995 - INFO - Auto-saved role for character 3: Minor
2026-01-01 20:23:36,065 - INFO - Character 3 updated: role = Supporting...
2026-01-01 20:23:36,067 - INFO - Auto-saved role for character 3: Supporting
2026-01-01 20:23:36,130 - INFO - Character 3 updated: role = Antagonist...
2026-01-01 20:23:36,131 - INFO - Auto-saved role for character 3: Antagonist
2026-01-01 20:23:36,217 - INFO - Character 3 updated: role = Protagonist...
2026-01-01 20:23:36,220 - INFO - Auto-saved role for character 3: Protagonist
2026-01-01 20:24:10,797 - INFO - Character 3 visibility: False
2026-01-01 20:24:12,317 - INFO - Character 4 visibility: False
2026-01-01 20:24:12,767 - INFO - Character 4 visibility: True
2026-01-01 20:24:13,366 - INFO - Character 3 visibility: True
2026-01-01 20:24:49,595 - INFO - Starting Story Bible App - PyQt6 Version
2026-01-01 20:24:49,596 - INFO - Database initialized at /home/sabona/Downloads/Telegram Desktop/ai-desktop-assist/data/story_bible.db
2026-01-01 20:24:49,597 - INFO - Loading model from /home/sabona/Downloads/Telegram Desktop/ai-desktop-assist/models/llama/Meta-Llama-3.1-8B-Instruct-Q4_K_M.gguf with n_gpu_layers=-1
2026-01-01 20:24:51,441 - INFO - Model loaded successfully.
2026-01-01 20:24:51,520 - INFO - Background image loaded: /home/sabona/Downloads/Telegram Desktop/ai-desktop-assist/src/ui/assets/backgroundimg.png
2026-01-01 20:24:55,901 - INFO - Show trash clicked
2026-01-01 20:24:58,969 - INFO - CharacterWidget.set_project_id called with project_id=3
2026-01-01 20:24:58,969 - INFO - CharacterWidget._load_characters called with project_id=3
2026-01-01 20:24:58,971 - INFO - CharacterWidget: Found 2 characters for project 3
2026-01-01 20:24:58,971 - INFO - Creating card for character: Elianore 'Eli' Quasar
2026-01-01 20:24:59,164 - INFO - Creating card for character: Kaelin Vexar
2026-01-01 20:24:59,218 - INFO - Set character_widget project_id to 3
2026-01-01 20:25:18,445 - INFO - Toolbar action: brainstorm - Character Ideas
2026-01-01 20:25:18,457 - INFO - DEBUG: ask_lore_assistant called. Memory len: 186
2026-01-01 20:25:18,457 - INFO - Generating AI response...
2026-01-01 20:25:37,588 - INFO - Rename document
2026-01-01 20:27:20,979 - INFO - Generating AI response...
2026-01-01 20:30:39,803 - WARNING - JSON incomplete, attempting to repair...
2026-01-01 20:30:39,803 - WARNING - JSON repair failed, attempting Regex fallback...
2026-01-01 20:30:39,805 - INFO - Regex fallback successful
2026-01-01 20:30:39,819 - INFO - Generated character: Kaelin \\"The Fox\\",
  
2026-01-01 20:30:39,819 - INFO - CharacterWidget._load_characters called with project_id=3
2026-01-01 20:30:39,820 - INFO - CharacterWidget: Found 3 characters for project 3
2026-01-01 20:30:39,820 - INFO - Creating card for character: Elianore 'Eli' Quasar
2026-01-01 20:30:39,896 - INFO - Creating card for character: Kaelin Vexar
2026-01-01 20:30:39,970 - INFO - Creating card for character: Kaelin \\"The Fox\\",
  
2026-01-01 20:31:38,507 - INFO - Character 5 updated: role = Other...
2026-01-01 20:31:38,509 - INFO - Auto-saved role for character 5: Other
2026-01-01 20:31:38,547 - INFO - Character 5 updated: role = Sidekick...
2026-01-01 20:31:38,549 - INFO - Auto-saved role for character 5: Sidekick
2026-01-01 20:31:38,603 - INFO - Character 5 updated: role = Love Interest...
2026-01-01 20:31:38,604 - INFO - Auto-saved role for character 5: Love Interest
2026-01-01 20:31:38,643 - INFO - Character 5 updated: role = Mentor...
2026-01-01 20:31:38,645 - INFO - Auto-saved role for character 5: Mentor
2026-01-01 20:31:38,699 - INFO - Character 5 updated: role = Minor...
2026-01-01 20:31:38,700 - INFO - Auto-saved role for character 5: Minor
2026-01-01 20:31:38,795 - INFO - Character 5 updated: role = Supporting...
2026-01-01 20:31:38,796 - INFO - Auto-saved role for character 5: Supporting
2026-01-01 20:31:39,035 - INFO - Character 5 updated: role = Minor...
2026-01-01 20:31:39,037 - INFO - Auto-saved role for character 5: Minor
2026-01-01 20:31:39,067 - INFO - Character 5 updated: role = Mentor...
2026-01-01 20:31:39,068 - INFO - Auto-saved role for character 5: Mentor
2026-01-01 20:31:39,092 - INFO - Character 5 updated: role = Love Interest...
2026-01-01 20:31:39,094 - INFO - Auto-saved role for character 5: Love Interest
2026-01-01 20:31:39,131 - INFO - Character 5 updated: role = Sidekick...
2026-01-01 20:31:39,133 - INFO - Auto-saved role for character 5: Sidekick
2026-01-01 20:31:39,187 - INFO - Character 5 updated: role = Other...
2026-01-01 20:31:39,188 - INFO - Auto-saved role for character 5: Other
2026-01-01 20:31:39,547 - INFO - Character 5 updated: role = Sidekick...
2026-01-01 20:31:39,549 - INFO - Auto-saved role for character 5: Sidekick
2026-01-01 20:31:39,611 - INFO - Character 5 updated: role = Love Interest...
2026-01-01 20:31:39,613 - INFO - Auto-saved role for character 5: Love Interest
2026-01-01 20:31:39,771 - INFO - Character 5 updated: role = Mentor...
2026-01-01 20:31:39,772 - INFO - Auto-saved role for character 5: Mentor
2026-01-01 20:31:39,907 - INFO - Character 5 updated: role = Minor...
2026-01-01 20:31:39,908 - INFO - Auto-saved role for character 5: Minor
2026-01-01 20:31:40,003 - INFO - Character 5 updated: role = Supporting...
2026-01-01 20:31:40,004 - INFO - Auto-saved role for character 5: Supporting
2026-01-01 20:32:05,435 - INFO - Toolbar action: brainstorm - Plot Twists
2026-01-01 20:32:05,449 - INFO - DEBUG: ask_lore_assistant called. Memory len: 186
2026-01-01 20:32:05,449 - INFO - Generating AI response...
2026-01-01 20:34:52,548 - INFO - Format action applied: bold
2026-01-01 20:34:56,799 - INFO - Format action applied: h1
2026-01-01 20:35:03,395 - INFO - Format action applied: h2
2026-01-01 20:35:04,969 - INFO - Format action applied: h1
2026-01-01 20:35:06,531 - INFO - Format action applied: h3
2026-01-01 20:35:07,945 - INFO - Format action applied: h1
2026-01-01 20:35:31,284 - INFO - DEBUG: ask_lore_assistant called. Memory len: 186
2026-01-01 20:35:31,284 - INFO - Generating AI response...
2026-01-01 20:44:11,545 - INFO - Unloading model and freeing VRAM...
2026-01-01 20:44:11,898 - INFO - Application exited cleanly.
2026-01-01 20:44:11,898 - INFO - App shutdown complete.
2026-01-01 20:44:23,202 - INFO - Starting Story Bible App - PyQt6 Version
2026-01-01 20:44:23,204 - INFO - Migrating characters table schema...
2026-01-01 20:44:23,229 - INFO - Characters table migration complete.
2026-01-01 20:44:23,230 - INFO - Database initialized at /home/sabona/Downloads/Telegram Desktop/ai-desktop-assist/data/story_bible.db
2026-01-01 20:44:23,232 - INFO - Loading model from /home/sabona/Downloads/Telegram Desktop/ai-desktop-assist/models/llama/Meta-Llama-3.1-8B-Instruct-Q4_K_M.gguf with n_gpu_layers=-1
2026-01-01 20:44:25,152 - INFO - Model loaded successfully.
2026-01-01 20:44:25,214 - INFO - Background image loaded: /home/sabona/Downloads/Telegram Desktop/ai-desktop-assist/src/ui/assets/backgroundimg.png
2026-01-01 20:44:39,335 - INFO - DEBUG: ask_lore_assistant called. Memory len: 2911
2026-01-01 20:44:39,336 - INFO - Generating AI response...
2026-01-01 20:46:35,364 - INFO - CharacterWidget.set_project_id called with project_id=3
2026-01-01 20:46:35,365 - INFO - CharacterWidget._load_characters called with project_id=3
2026-01-01 20:46:35,368 - INFO - CharacterWidget: Found 3 characters for project 3
2026-01-01 20:46:35,368 - INFO - Creating card for character: Elianore 'Eli' Quasar
2026-01-01 20:46:35,597 - INFO - Creating card for character: Kaelin Vexar
2026-01-01 20:46:35,718 - INFO - Creating card for character: Kaelin \\"The Fox\\",
  
2026-01-01 20:46:35,762 - INFO - Set character_widget project_id to 3
2026-01-01 20:56:57,009 - INFO - Unloading model and freeing VRAM...
2026-01-01 20:56:57,353 - INFO - Application exited cleanly.
2026-01-01 20:56:57,353 - INFO - App shutdown complete.
2026-01-01 21:43:55,170 - INFO - Starting Story Bible App - PyQt6 Version
2026-01-01 21:43:55,171 - INFO - Database initialized at /home/sabona/Downloads/Telegram Desktop/ai-desktop-assist/data/story_bible.db
2026-01-01 21:43:55,171 - INFO - Loading model from /home/sabona/Downloads/Telegram Desktop/ai-desktop-assist/models/llama/Meta-Llama-3.1-8B-Instruct-Q4_K_M.gguf with n_gpu_layers=-1
2026-01-01 21:43:56,756 - INFO - Model loaded successfully.
2026-01-01 21:43:56,845 - INFO - Background image loaded: /home/sabona/Downloads/Telegram Desktop/ai-desktop-assist/src/ui/assets/backgroundimg.png
2026-01-01 21:44:02,616 - INFO - CharacterWidget.set_project_id called with project_id=3
2026-01-01 21:44:02,616 - INFO - CharacterWidget._load_characters called with project_id=3
2026-01-01 21:44:02,618 - INFO - CharacterWidget: Found 3 characters for project 3
2026-01-01 21:44:02,618 - INFO - Creating card for character: Elianore 'Eli' Quasar
2026-01-01 21:44:02,780 - INFO - Creating card for character: Kaelin Vexar
2026-01-01 21:44:02,826 - INFO - Creating card for character: Kaelin \\"The Fox\\",
  
2026-01-01 21:44:02,867 - INFO - Set character_widget project_id to 3
2026-01-01 21:49:17,225 - INFO - Character 4 visibility: False
2026-01-01 21:49:23,453 - INFO - Toolbar action: brainstorm - Plot Twists
2026-01-01 21:49:23,476 - INFO - DEBUG: ask_lore_assistant called. Memory len: 329
2026-01-01 21:49:23,476 - INFO - Generating AI response...
2026-01-01 21:51:32,528 - INFO - DEBUG: ask_lore_assistant called. Memory len: 329
2026-01-01 21:51:32,529 - INFO - Generating AI response...
2026-01-01 21:51:51,960 - INFO - DEBUG: ask_lore_assistant called. Memory len: 329
2026-01-01 21:51:51,960 - INFO - Generating AI response...
2026-01-01 21:58:38,468 - INFO - Starting Story Bible App - PyQt6 Version
2026-01-01 21:58:38,471 - INFO - Migrating characters table schema...
2026-01-01 21:58:38,496 - INFO - Characters table migration complete.
2026-01-01 21:58:38,496 - INFO - Database initialized at /home/sabona/Downloads/Telegram Desktop/ai-desktop-assist/data/story_bible.db
2026-01-01 21:58:38,497 - INFO - Loading model from /home/sabona/Downloads/Telegram Desktop/ai-desktop-assist/models/llama/Meta-Llama-3.1-8B-Instruct-Q4_K_M.gguf with n_gpu_layers=-1
2026-01-01 21:58:41,358 - INFO - Model loaded successfully.
2026-01-01 21:58:41,421 - INFO - Background image loaded: /home/sabona/Downloads/Telegram Desktop/ai-desktop-assist/src/ui/assets/backgroundimg.png
2026-01-01 21:58:46,127 - INFO - CharacterWidget.set_project_id called with project_id=3
2026-01-01 21:58:46,128 - INFO - CharacterWidget._load_characters called with project_id=3
2026-01-01 21:58:46,130 - INFO - CharacterWidget: Found 3 characters for project 3
2026-01-01 21:58:46,131 - INFO - Creating card for character: Elianore 'Eli' Quasar
2026-01-01 21:58:46,146 - ERROR - Failed to load characters: 'CharacterProfileCard' object has no attribute '_update_archive_button_style'
Traceback (most recent call last):
  File "/home/sabona/Downloads/Telegram Desktop/ai-desktop-assist/src/ui/character_components.py", line 1100, in _load_characters
    card = CharacterProfileCard(self.db_manager, char_data)
           ^^^^^^^^^^^^^^^^^^^^^^^^^^^^^^^^^^^^^^^^^^^^^^^^
  File "/home/sabona/Downloads/Telegram Desktop/ai-desktop-assist/src/ui/character_components.py", line 103, in __init__
    self._setup_ui()
  File "/home/sabona/Downloads/Telegram Desktop/ai-desktop-assist/src/ui/character_components.py", line 126, in _setup_ui
    self.header = self._create_header()
                  ^^^^^^^^^^^^^^^^^^^^^
  File "/home/sabona/Downloads/Telegram Desktop/ai-desktop-assist/src/ui/character_components.py", line 280, in _create_header
    self._update_archive_button_style()
    ^^^^^^^^^^^^^^^^^^^^^^^^^^^^^^^^^
AttributeError: 'CharacterProfileCard' object has no attribute '_update_archive_button_style'
2026-01-01 21:58:46,151 - INFO - Set character_widget project_id to 3
2026-01-01 21:58:53,702 - INFO - CharacterWidget._load_characters called with project_id=3
2026-01-01 21:58:53,705 - INFO - CharacterWidget: Found 3 characters for project 3
2026-01-01 21:58:53,705 - INFO - Creating card for character: Elianore 'Eli' Quasar
2026-01-01 21:58:53,722 - ERROR - Failed to load characters: 'CharacterProfileCard' object has no attribute '_update_archive_button_style'
Traceback (most recent call last):
  File "/home/sabona/Downloads/Telegram Desktop/ai-desktop-assist/src/ui/character_components.py", line 1100, in _load_characters
    card = CharacterProfileCard(self.db_manager, char_data)
           ^^^^^^^^^^^^^^^^^^^^^^^^^^^^^^^^^^^^^^^^^^^^^^^^
  File "/home/sabona/Downloads/Telegram Desktop/ai-desktop-assist/src/ui/character_components.py", line 103, in __init__
    self._setup_ui()
  File "/home/sabona/Downloads/Telegram Desktop/ai-desktop-assist/src/ui/character_components.py", line 126, in _setup_ui
    self.header = self._create_header()
                  ^^^^^^^^^^^^^^^^^^^^^
  File "/home/sabona/Downloads/Telegram Desktop/ai-desktop-assist/src/ui/character_components.py", line 280, in _create_header
    self._update_archive_button_style()
    ^^^^^^^^^^^^^^^^^^^^^^^^^^^^^^^^^
AttributeError: 'CharacterProfileCard' object has no attribute '_update_archive_button_style'
2026-01-01 21:58:54,510 - INFO - CharacterWidget._load_characters called with project_id=3
2026-01-01 21:58:54,512 - INFO - CharacterWidget: Found 3 characters for project 3
2026-01-01 21:58:54,513 - INFO - Creating card for character: Elianore 'Eli' Quasar
2026-01-01 21:58:54,534 - ERROR - Failed to load characters: 'CharacterProfileCard' object has no attribute '_update_archive_button_style'
Traceback (most recent call last):
  File "/home/sabona/Downloads/Telegram Desktop/ai-desktop-assist/src/ui/character_components.py", line 1100, in _load_characters
    card = CharacterProfileCard(self.db_manager, char_data)
           ^^^^^^^^^^^^^^^^^^^^^^^^^^^^^^^^^^^^^^^^^^^^^^^^
  File "/home/sabona/Downloads/Telegram Desktop/ai-desktop-assist/src/ui/character_components.py", line 103, in __init__
    self._setup_ui()
  File "/home/sabona/Downloads/Telegram Desktop/ai-desktop-assist/src/ui/character_components.py", line 126, in _setup_ui
    self.header = self._create_header()
                  ^^^^^^^^^^^^^^^^^^^^^
  File "/home/sabona/Downloads/Telegram Desktop/ai-desktop-assist/src/ui/character_components.py", line 280, in _create_header
    self._update_archive_button_style()
    ^^^^^^^^^^^^^^^^^^^^^^^^^^^^^^^^^
AttributeError: 'CharacterProfileCard' object has no attribute '_update_archive_button_style'
2026-01-01 21:58:55,040 - INFO - CharacterWidget._load_characters called with project_id=3
2026-01-01 21:58:55,044 - INFO - CharacterWidget: Found 3 characters for project 3
2026-01-01 21:58:55,045 - INFO - Creating card for character: Elianore 'Eli' Quasar
2026-01-01 21:58:55,061 - ERROR - Failed to load characters: 'CharacterProfileCard' object has no attribute '_update_archive_button_style'
Traceback (most recent call last):
  File "/home/sabona/Downloads/Telegram Desktop/ai-desktop-assist/src/ui/character_components.py", line 1100, in _load_characters
    card = CharacterProfileCard(self.db_manager, char_data)
           ^^^^^^^^^^^^^^^^^^^^^^^^^^^^^^^^^^^^^^^^^^^^^^^^
  File "/home/sabona/Downloads/Telegram Desktop/ai-desktop-assist/src/ui/character_components.py", line 103, in __init__
    self._setup_ui()
  File "/home/sabona/Downloads/Telegram Desktop/ai-desktop-assist/src/ui/character_components.py", line 126, in _setup_ui
    self.header = self._create_header()
                  ^^^^^^^^^^^^^^^^^^^^^
  File "/home/sabona/Downloads/Telegram Desktop/ai-desktop-assist/src/ui/character_components.py", line 280, in _create_header
    self._update_archive_button_style()
    ^^^^^^^^^^^^^^^^^^^^^^^^^^^^^^^^^
AttributeError: 'CharacterProfileCard' object has no attribute '_update_archive_button_style'
2026-01-01 21:58:55,758 - INFO - CharacterWidget._load_characters called with project_id=3
2026-01-01 21:58:55,760 - INFO - CharacterWidget: Found 3 characters for project 3
2026-01-01 21:58:55,760 - INFO - Creating card for character: Elianore 'Eli' Quasar
2026-01-01 21:58:55,773 - ERROR - Failed to load characters: 'CharacterProfileCard' object has no attribute '_update_archive_button_style'
Traceback (most recent call last):
  File "/home/sabona/Downloads/Telegram Desktop/ai-desktop-assist/src/ui/character_components.py", line 1100, in _load_characters
    card = CharacterProfileCard(self.db_manager, char_data)
           ^^^^^^^^^^^^^^^^^^^^^^^^^^^^^^^^^^^^^^^^^^^^^^^^
  File "/home/sabona/Downloads/Telegram Desktop/ai-desktop-assist/src/ui/character_components.py", line 103, in __init__
    self._setup_ui()
  File "/home/sabona/Downloads/Telegram Desktop/ai-desktop-assist/src/ui/character_components.py", line 126, in _setup_ui
    self.header = self._create_header()
                  ^^^^^^^^^^^^^^^^^^^^^
  File "/home/sabona/Downloads/Telegram Desktop/ai-desktop-assist/src/ui/character_components.py", line 280, in _create_header
    self._update_archive_button_style()
    ^^^^^^^^^^^^^^^^^^^^^^^^^^^^^^^^^
AttributeError: 'CharacterProfileCard' object has no attribute '_update_archive_button_style'
2026-01-01 21:58:56,518 - INFO - CharacterWidget._load_characters called with project_id=3
2026-01-01 21:58:56,520 - INFO - CharacterWidget: Found 3 characters for project 3
2026-01-01 21:58:56,520 - INFO - Creating card for character: Elianore 'Eli' Quasar
2026-01-01 21:58:56,542 - ERROR - Failed to load characters: 'CharacterProfileCard' object has no attribute '_update_archive_button_style'
Traceback (most recent call last):
  File "/home/sabona/Downloads/Telegram Desktop/ai-desktop-assist/src/ui/character_components.py", line 1100, in _load_characters
    card = CharacterProfileCard(self.db_manager, char_data)
           ^^^^^^^^^^^^^^^^^^^^^^^^^^^^^^^^^^^^^^^^^^^^^^^^
  File "/home/sabona/Downloads/Telegram Desktop/ai-desktop-assist/src/ui/character_components.py", line 103, in __init__
    self._setup_ui()
  File "/home/sabona/Downloads/Telegram Desktop/ai-desktop-assist/src/ui/character_components.py", line 126, in _setup_ui
    self.header = self._create_header()
                  ^^^^^^^^^^^^^^^^^^^^^
  File "/home/sabona/Downloads/Telegram Desktop/ai-desktop-assist/src/ui/character_components.py", line 280, in _create_header
    self._update_archive_button_style()
    ^^^^^^^^^^^^^^^^^^^^^^^^^^^^^^^^^
AttributeError: 'CharacterProfileCard' object has no attribute '_update_archive_button_style'
2026-01-01 21:58:57,288 - INFO - CharacterWidget._load_characters called with project_id=3
2026-01-01 21:58:57,291 - INFO - CharacterWidget: Found 3 characters for project 3
2026-01-01 21:58:57,292 - INFO - Creating card for character: Elianore 'Eli' Quasar
2026-01-01 21:58:57,313 - ERROR - Failed to load characters: 'CharacterProfileCard' object has no attribute '_update_archive_button_style'
Traceback (most recent call last):
  File "/home/sabona/Downloads/Telegram Desktop/ai-desktop-assist/src/ui/character_components.py", line 1100, in _load_characters
    card = CharacterProfileCard(self.db_manager, char_data)
           ^^^^^^^^^^^^^^^^^^^^^^^^^^^^^^^^^^^^^^^^^^^^^^^^
  File "/home/sabona/Downloads/Telegram Desktop/ai-desktop-assist/src/ui/character_components.py", line 103, in __init__
    self._setup_ui()
  File "/home/sabona/Downloads/Telegram Desktop/ai-desktop-assist/src/ui/character_components.py", line 126, in _setup_ui
    self.header = self._create_header()
                  ^^^^^^^^^^^^^^^^^^^^^
  File "/home/sabona/Downloads/Telegram Desktop/ai-desktop-assist/src/ui/character_components.py", line 280, in _create_header
    self._update_archive_button_style()
    ^^^^^^^^^^^^^^^^^^^^^^^^^^^^^^^^^
AttributeError: 'CharacterProfileCard' object has no attribute '_update_archive_button_style'
2026-01-01 21:58:57,799 - INFO - CharacterWidget._load_characters called with project_id=3
2026-01-01 21:58:57,803 - INFO - CharacterWidget: Found 3 characters for project 3
2026-01-01 21:58:57,804 - INFO - Creating card for character: Elianore 'Eli' Quasar
2026-01-01 21:58:57,824 - ERROR - Failed to load characters: 'CharacterProfileCard' object has no attribute '_update_archive_button_style'
Traceback (most recent call last):
  File "/home/sabona/Downloads/Telegram Desktop/ai-desktop-assist/src/ui/character_components.py", line 1100, in _load_characters
    card = CharacterProfileCard(self.db_manager, char_data)
           ^^^^^^^^^^^^^^^^^^^^^^^^^^^^^^^^^^^^^^^^^^^^^^^^
  File "/home/sabona/Downloads/Telegram Desktop/ai-desktop-assist/src/ui/character_components.py", line 103, in __init__
    self._setup_ui()
  File "/home/sabona/Downloads/Telegram Desktop/ai-desktop-assist/src/ui/character_components.py", line 126, in _setup_ui
    self.header = self._create_header()
                  ^^^^^^^^^^^^^^^^^^^^^
  File "/home/sabona/Downloads/Telegram Desktop/ai-desktop-assist/src/ui/character_components.py", line 280, in _create_header
    self._update_archive_button_style()
    ^^^^^^^^^^^^^^^^^^^^^^^^^^^^^^^^^
AttributeError: 'CharacterProfileCard' object has no attribute '_update_archive_button_style'
2026-01-01 21:58:59,086 - INFO - CharacterWidget._load_characters called with project_id=3
2026-01-01 21:58:59,088 - INFO - CharacterWidget: Found 3 characters for project 3
2026-01-01 21:58:59,088 - INFO - Creating card for character: Elianore 'Eli' Quasar
2026-01-01 21:58:59,100 - ERROR - Failed to load characters: 'CharacterProfileCard' object has no attribute '_update_archive_button_style'
Traceback (most recent call last):
  File "/home/sabona/Downloads/Telegram Desktop/ai-desktop-assist/src/ui/character_components.py", line 1100, in _load_characters
    card = CharacterProfileCard(self.db_manager, char_data)
           ^^^^^^^^^^^^^^^^^^^^^^^^^^^^^^^^^^^^^^^^^^^^^^^^
  File "/home/sabona/Downloads/Telegram Desktop/ai-desktop-assist/src/ui/character_components.py", line 103, in __init__
    self._setup_ui()
  File "/home/sabona/Downloads/Telegram Desktop/ai-desktop-assist/src/ui/character_components.py", line 126, in _setup_ui
    self.header = self._create_header()
                  ^^^^^^^^^^^^^^^^^^^^^
  File "/home/sabona/Downloads/Telegram Desktop/ai-desktop-assist/src/ui/character_components.py", line 280, in _create_header
    self._update_archive_button_style()
    ^^^^^^^^^^^^^^^^^^^^^^^^^^^^^^^^^
AttributeError: 'CharacterProfileCard' object has no attribute '_update_archive_button_style'
2026-01-01 21:58:59,597 - INFO - CharacterWidget._load_characters called with project_id=3
2026-01-01 21:58:59,598 - INFO - CharacterWidget: Found 3 characters for project 3
2026-01-01 21:58:59,598 - INFO - Creating card for character: Elianore 'Eli' Quasar
2026-01-01 21:58:59,602 - ERROR - Failed to load characters: 'CharacterProfileCard' object has no attribute '_update_archive_button_style'
Traceback (most recent call last):
  File "/home/sabona/Downloads/Telegram Desktop/ai-desktop-assist/src/ui/character_components.py", line 1100, in _load_characters
    card = CharacterProfileCard(self.db_manager, char_data)
           ^^^^^^^^^^^^^^^^^^^^^^^^^^^^^^^^^^^^^^^^^^^^^^^^
  File "/home/sabona/Downloads/Telegram Desktop/ai-desktop-assist/src/ui/character_components.py", line 103, in __init__
    self._setup_ui()
  File "/home/sabona/Downloads/Telegram Desktop/ai-desktop-assist/src/ui/character_components.py", line 126, in _setup_ui
    self.header = self._create_header()
                  ^^^^^^^^^^^^^^^^^^^^^
  File "/home/sabona/Downloads/Telegram Desktop/ai-desktop-assist/src/ui/character_components.py", line 280, in _create_header
    self._update_archive_button_style()
    ^^^^^^^^^^^^^^^^^^^^^^^^^^^^^^^^^
AttributeError: 'CharacterProfileCard' object has no attribute '_update_archive_button_style'
2026-01-01 22:00:15,788 - INFO - Starting Story Bible App - PyQt6 Version
2026-01-01 22:00:15,790 - INFO - Database initialized at /home/sabona/Downloads/Telegram Desktop/ai-desktop-assist/data/story_bible.db
2026-01-01 22:00:15,791 - INFO - Loading model from /home/sabona/Downloads/Telegram Desktop/ai-desktop-assist/models/llama/Meta-Llama-3.1-8B-Instruct-Q4_K_M.gguf with n_gpu_layers=-1
2026-01-01 22:00:20,605 - INFO - Model loaded successfully.
2026-01-01 22:00:20,686 - INFO - Background image loaded: /home/sabona/Downloads/Telegram Desktop/ai-desktop-assist/src/ui/assets/backgroundimg.png
2026-01-01 22:00:32,490 - INFO - CharacterWidget.set_project_id called with project_id=3
2026-01-01 22:00:32,490 - INFO - CharacterWidget._load_characters called with project_id=3
2026-01-01 22:00:32,500 - INFO - CharacterWidget: Found 3 characters for project 3
2026-01-01 22:00:32,500 - INFO - Creating card for character: Elianore 'Eli' Quasar
2026-01-01 22:00:32,727 - INFO - Creating card for character: Kaelin Vexar
2026-01-01 22:00:32,797 - INFO - Creating card for character: Kaelin \\"The Fox\\",
  
2026-01-01 22:00:32,839 - INFO - Set character_widget project_id to 3
2026-01-01 22:01:52,705 - INFO - Unloading model and freeing VRAM...
2026-01-01 22:01:53,117 - INFO - Application exited cleanly.
2026-01-01 22:01:53,117 - INFO - App shutdown complete.
2026-01-01 22:11:17,177 - INFO - Starting Story Bible App - PyQt6 Version
2026-01-01 22:11:17,178 - INFO - Database initialized at /home/sabona/Downloads/Telegram Desktop/ai-desktop-assist/data/story_bible.db
2026-01-01 22:11:17,178 - INFO - Loading model from /home/sabona/Downloads/Telegram Desktop/ai-desktop-assist/models/llama/Meta-Llama-3.1-8B-Instruct-Q4_K_M.gguf with n_gpu_layers=-1
2026-01-01 22:11:18,885 - INFO - Model loaded successfully.
2026-01-01 22:11:18,939 - INFO - Background image loaded: /home/sabona/Downloads/Telegram Desktop/ai-desktop-assist/src/ui/assets/backgroundimg.png
2026-01-01 22:11:18,956 - CRITICAL - Unhandled app exception: type object 'QScroller' has no attribute 'ScrollerGesture'
Traceback (most recent call last):
  File "/home/sabona/Downloads/Telegram Desktop/ai-desktop-assist/main.py", line 70, in main
    main_window = StoryBibleApp(ai_engine, db_mgr)
                  ^^^^^^^^^^^^^^^^^^^^^^^^^^^^^^^^
  File "/home/sabona/Downloads/Telegram Desktop/ai-desktop-assist/src/ui/qt_app.py", line 1531, in __init__
    self._create_ui()
  File "/home/sabona/Downloads/Telegram Desktop/ai-desktop-assist/src/ui/qt_app.py", line 1576, in _create_ui
    self.left_panel = ProjectSidebar(self.db_manager)
                      ^^^^^^^^^^^^^^^^^^^^^^^^^^^^^^^
  File "/home/sabona/Downloads/Telegram Desktop/ai-desktop-assist/src/ui/qt_app.py", line 398, in __init__
    self._setup_ui()
  File "/home/sabona/Downloads/Telegram Desktop/ai-desktop-assist/src/ui/qt_app.py", line 453, in _setup_ui
    self.tree_scroll = TransparentScrollArea()
                       ^^^^^^^^^^^^^^^^^^^^^^^
  File "/home/sabona/Downloads/Telegram Desktop/ai-desktop-assist/src/ui/qt_app.py", line 270, in __init__
    QScroller.grabGesture(viewport, QScroller.ScrollerGesture.LeftMouseButtonGesture)
                                    ^^^^^^^^^^^^^^^^^^^^^^^^^
AttributeError: type object 'QScroller' has no attribute 'ScrollerGesture'
2026-01-01 22:11:18,958 - INFO - Unloading model and freeing VRAM...
2026-01-01 22:11:19,280 - INFO - App shutdown complete.
2026-01-01 22:14:09,094 - INFO - Starting Story Bible App - PyQt6 Version
2026-01-01 22:14:09,096 - INFO - Database initialized at /home/sabona/Downloads/Telegram Desktop/ai-desktop-assist/data/story_bible.db
2026-01-01 22:14:09,096 - INFO - Loading model from /home/sabona/Downloads/Telegram Desktop/ai-desktop-assist/models/llama/Meta-Llama-3.1-8B-Instruct-Q4_K_M.gguf with n_gpu_layers=-1
2026-01-01 22:14:10,696 - INFO - Model loaded successfully.
2026-01-01 22:14:10,754 - INFO - Background image loaded: /home/sabona/Downloads/Telegram Desktop/ai-desktop-assist/src/ui/assets/backgroundimg.png
2026-01-01 22:14:10,772 - CRITICAL - Unhandled app exception: grabGesture(target: Optional[QObject], scrollGestureType: QScroller.ScrollerGestureType = QScroller.TouchGesture): argument 2 has unexpected type 'int'
Traceback (most recent call last):
  File "/home/sabona/Downloads/Telegram Desktop/ai-desktop-assist/main.py", line 70, in main
    main_window = StoryBibleApp(ai_engine, db_mgr)
                  ^^^^^^^^^^^^^^^^^^^^^^^^^^^^^^^^
  File "/home/sabona/Downloads/Telegram Desktop/ai-desktop-assist/src/ui/qt_app.py", line 1536, in __init__
    self._create_ui()
  File "/home/sabona/Downloads/Telegram Desktop/ai-desktop-assist/src/ui/qt_app.py", line 1581, in _create_ui
    self.left_panel = ProjectSidebar(self.db_manager)
                      ^^^^^^^^^^^^^^^^^^^^^^^^^^^^^^^
  File "/home/sabona/Downloads/Telegram Desktop/ai-desktop-assist/src/ui/qt_app.py", line 403, in __init__
    self._setup_ui()
  File "/home/sabona/Downloads/Telegram Desktop/ai-desktop-assist/src/ui/qt_app.py", line 458, in _setup_ui
    self.tree_scroll = TransparentScrollArea()
                       ^^^^^^^^^^^^^^^^^^^^^^^
  File "/home/sabona/Downloads/Telegram Desktop/ai-desktop-assist/src/ui/qt_app.py", line 275, in __init__
    QScroller.grabGesture(viewport, gesture)
TypeError: grabGesture(target: Optional[QObject], scrollGestureType: QScroller.ScrollerGestureType = QScroller.TouchGesture): argument 2 has unexpected type 'int'
2026-01-01 22:14:10,774 - INFO - Unloading model and freeing VRAM...
2026-01-01 22:14:11,020 - INFO - App shutdown complete.
2026-01-01 22:20:04,797 - INFO - Starting Story Bible App - PyQt6 Version
2026-01-01 22:20:04,797 - INFO - Database initialized at /home/sabona/Downloads/Telegram Desktop/ai-desktop-assist/data/story_bible.db
2026-01-01 22:20:04,798 - INFO - Loading model from /home/sabona/Downloads/Telegram Desktop/ai-desktop-assist/models/llama/Meta-Llama-3.1-8B-Instruct-Q4_K_M.gguf with n_gpu_layers=-1
2026-01-01 22:20:06,496 - INFO - Model loaded successfully.
2026-01-01 22:20:06,707 - INFO - Background image loaded: /home/sabona/Downloads/Telegram Desktop/ai-desktop-assist/src/ui/assets/backgroundimg.png
2026-01-01 22:20:17,034 - INFO - Unloading model and freeing VRAM...
2026-01-01 22:20:17,487 - INFO - Application exited cleanly.
2026-01-01 22:20:17,488 - INFO - App shutdown complete.
2026-01-01 22:20:23,138 - INFO - Starting Story Bible App - PyQt6 Version
2026-01-01 22:20:23,139 - INFO - Database initialized at /home/sabona/Downloads/Telegram Desktop/ai-desktop-assist/data/story_bible.db
2026-01-01 22:20:23,140 - INFO - Loading model from /home/sabona/Downloads/Telegram Desktop/ai-desktop-assist/models/llama/Meta-Llama-3.1-8B-Instruct-Q4_K_M.gguf with n_gpu_layers=-1
2026-01-01 22:20:24,760 - INFO - Model loaded successfully.
2026-01-01 22:20:24,813 - INFO - Background image loaded: /home/sabona/Downloads/Telegram Desktop/ai-desktop-assist/src/ui/assets/backgroundimg.png
2026-01-01 22:20:32,325 - INFO - CharacterWidget.set_project_id called with project_id=3
2026-01-01 22:20:32,325 - INFO - CharacterWidget._load_characters called with project_id=3
2026-01-01 22:20:32,326 - INFO - CharacterWidget: Found 3 characters for project 3
2026-01-01 22:20:32,327 - INFO - Creating card for character: Elianore 'Eli' Quasar
2026-01-01 22:20:32,404 - INFO - Creating card for character: Kaelin Vexar
2026-01-01 22:20:32,467 - INFO - Creating card for character: Kaelin \\"The Fox\\",
  
2026-01-01 22:20:32,510 - INFO - Set character_widget project_id to 3
2026-01-01 22:20:35,354 - INFO - CharacterWidget.set_project_id called with project_id=3
2026-01-01 22:20:35,354 - INFO - CharacterWidget._load_characters called with project_id=3
2026-01-01 22:20:35,356 - INFO - CharacterWidget: Found 3 characters for project 3
2026-01-01 22:20:35,356 - INFO - Creating card for character: Elianore 'Eli' Quasar
2026-01-01 22:20:35,599 - INFO - Creating card for character: Kaelin Vexar
2026-01-01 22:20:35,770 - INFO - Creating card for character: Kaelin \\"The Fox\\",
  
2026-01-01 22:20:35,903 - INFO - Set character_widget project_id to 3
2026-01-01 22:20:38,106 - INFO - CharacterWidget.set_project_id called with project_id=3
2026-01-01 22:20:38,107 - INFO - CharacterWidget._load_characters called with project_id=3
2026-01-01 22:20:38,108 - INFO - CharacterWidget: Found 3 characters for project 3
2026-01-01 22:20:38,109 - INFO - Creating card for character: Elianore 'Eli' Quasar
2026-01-01 22:20:38,326 - INFO - Creating card for character: Kaelin Vexar
2026-01-01 22:20:38,409 - INFO - Creating card for character: Kaelin \\"The Fox\\",
  
2026-01-01 22:20:38,456 - INFO - Set character_widget project_id to 3
2026-01-01 22:20:38,569 - INFO - CharacterWidget.set_project_id called with project_id=3
2026-01-01 22:20:38,572 - INFO - CharacterWidget._load_characters called with project_id=3
2026-01-01 22:20:38,573 - INFO - CharacterWidget: Found 3 characters for project 3
2026-01-01 22:20:38,573 - INFO - Creating card for character: Elianore 'Eli' Quasar
2026-01-01 22:20:38,744 - INFO - Creating card for character: Kaelin Vexar
2026-01-01 22:20:38,862 - INFO - Creating card for character: Kaelin \\"The Fox\\",
  
2026-01-01 22:20:38,909 - INFO - Set character_widget project_id to 3
2026-01-01 22:20:38,986 - INFO - CharacterWidget.set_project_id called with project_id=3
2026-01-01 22:20:38,986 - INFO - CharacterWidget._load_characters called with project_id=3
2026-01-01 22:20:38,986 - INFO - CharacterWidget: Found 3 characters for project 3
2026-01-01 22:20:38,986 - INFO - Creating card for character: Elianore 'Eli' Quasar
2026-01-01 22:20:39,056 - INFO - Creating card for character: Kaelin Vexar
2026-01-01 22:20:39,111 - INFO - Creating card for character: Kaelin \\"The Fox\\",
  
2026-01-01 22:20:39,155 - INFO - Set character_widget project_id to 3
2026-01-01 22:20:39,234 - INFO - CharacterWidget.set_project_id called with project_id=3
2026-01-01 22:20:39,234 - INFO - CharacterWidget._load_characters called with project_id=3
2026-01-01 22:20:39,235 - INFO - CharacterWidget: Found 3 characters for project 3
2026-01-01 22:20:39,235 - INFO - Creating card for character: Elianore 'Eli' Quasar
2026-01-01 22:20:39,314 - INFO - Creating card for character: Kaelin Vexar
2026-01-01 22:20:39,399 - INFO - Creating card for character: Kaelin \\"The Fox\\",
  
2026-01-01 22:20:39,464 - INFO - Set character_widget project_id to 3
2026-01-01 22:20:39,573 - INFO - CharacterWidget.set_project_id called with project_id=3
2026-01-01 22:20:39,573 - INFO - CharacterWidget._load_characters called with project_id=3
2026-01-01 22:20:39,574 - INFO - CharacterWidget: Found 3 characters for project 3
2026-01-01 22:20:39,574 - INFO - Creating card for character: Elianore 'Eli' Quasar
2026-01-01 22:20:39,649 - INFO - Creating card for character: Kaelin Vexar
2026-01-01 22:20:39,788 - INFO - Creating card for character: Kaelin \\"The Fox\\",
  
2026-01-01 22:20:39,869 - INFO - Set character_widget project_id to 3
2026-01-01 22:20:41,736 - INFO - CharacterWidget.set_project_id called with project_id=3
2026-01-01 22:20:41,737 - INFO - CharacterWidget._load_characters called with project_id=3
2026-01-01 22:20:41,738 - INFO - CharacterWidget: Found 3 characters for project 3
2026-01-01 22:20:41,739 - INFO - Creating card for character: Elianore 'Eli' Quasar
2026-01-01 22:20:41,954 - INFO - Creating card for character: Kaelin Vexar
2026-01-01 22:20:42,040 - INFO - Creating card for character: Kaelin \\"The Fox\\",
  
2026-01-01 22:20:42,087 - INFO - Set character_widget project_id to 3
2026-01-01 22:20:43,004 - INFO - CharacterWidget.set_project_id called with project_id=3
2026-01-01 22:20:43,004 - INFO - CharacterWidget._load_characters called with project_id=3
2026-01-01 22:20:43,010 - INFO - CharacterWidget: Found 3 characters for project 3
2026-01-01 22:20:43,010 - INFO - Creating card for character: Elianore 'Eli' Quasar
2026-01-01 22:20:43,244 - INFO - Creating card for character: Kaelin Vexar
2026-01-01 22:20:43,305 - INFO - Creating card for character: Kaelin \\"The Fox\\",
  
2026-01-01 22:20:43,366 - INFO - Set character_widget project_id to 3
2026-01-01 22:20:55,938 - INFO - CharacterWidget.set_project_id called with project_id=3
2026-01-01 22:20:55,938 - INFO - CharacterWidget._load_characters called with project_id=3
2026-01-01 22:20:55,940 - INFO - CharacterWidget: Found 3 characters for project 3
2026-01-01 22:20:55,940 - INFO - Creating card for character: Elianore 'Eli' Quasar
2026-01-01 22:20:56,162 - INFO - Creating card for character: Kaelin Vexar
2026-01-01 22:20:56,313 - INFO - Creating card for character: Kaelin \\"The Fox\\",
  
2026-01-01 22:20:56,358 - INFO - Set character_widget project_id to 3
2026-01-01 22:20:57,588 - INFO - CharacterWidget.set_project_id called with project_id=3
2026-01-01 22:20:57,589 - INFO - CharacterWidget._load_characters called with project_id=3
2026-01-01 22:20:57,590 - INFO - CharacterWidget: Found 3 characters for project 3
2026-01-01 22:20:57,591 - INFO - Creating card for character: Elianore 'Eli' Quasar
2026-01-01 22:20:57,808 - INFO - Creating card for character: Kaelin Vexar
2026-01-01 22:20:57,890 - INFO - Creating card for character: Kaelin \\"The Fox\\",
  
2026-01-01 22:20:57,938 - INFO - Set character_widget project_id to 3
2026-01-01 22:20:58,014 - INFO - CharacterWidget.set_project_id called with project_id=3
2026-01-01 22:20:58,014 - INFO - CharacterWidget._load_characters called with project_id=3
2026-01-01 22:20:58,015 - INFO - CharacterWidget: Found 3 characters for project 3
2026-01-01 22:20:58,015 - INFO - Creating card for character: Elianore 'Eli' Quasar
2026-01-01 22:20:58,139 - INFO - Creating card for character: Kaelin Vexar
2026-01-01 22:20:58,344 - INFO - Creating card for character: Kaelin \\"The Fox\\",
  
2026-01-01 22:20:58,403 - INFO - Set character_widget project_id to 3
2026-01-01 22:20:58,481 - INFO - CharacterWidget.set_project_id called with project_id=3
2026-01-01 22:20:58,481 - INFO - CharacterWidget._load_characters called with project_id=3
2026-01-01 22:20:58,481 - INFO - CharacterWidget: Found 3 characters for project 3
2026-01-01 22:20:58,482 - INFO - Creating card for character: Elianore 'Eli' Quasar
2026-01-01 22:20:58,582 - INFO - Creating card for character: Kaelin Vexar
2026-01-01 22:20:58,712 - INFO - Creating card for character: Kaelin \\"The Fox\\",
  
2026-01-01 22:20:58,775 - INFO - Set character_widget project_id to 3
2026-01-01 22:21:25,778 - INFO - CharacterWidget.set_project_id called with project_id=3
2026-01-01 22:21:25,778 - INFO - CharacterWidget._load_characters called with project_id=3
2026-01-01 22:21:25,780 - INFO - CharacterWidget: Found 3 characters for project 3
2026-01-01 22:21:25,780 - INFO - Creating card for character: Elianore 'Eli' Quasar
2026-01-01 22:21:25,990 - INFO - Creating card for character: Kaelin Vexar
2026-01-01 22:21:26,070 - INFO - Creating card for character: Kaelin \\"The Fox\\",
  
2026-01-01 22:21:26,117 - INFO - Set character_widget project_id to 3
2026-01-01 22:21:28,695 - INFO - CharacterWidget.set_project_id called with project_id=3
2026-01-01 22:21:28,696 - INFO - CharacterWidget._load_characters called with project_id=3
2026-01-01 22:21:28,697 - INFO - CharacterWidget: Found 3 characters for project 3
2026-01-01 22:21:28,698 - INFO - Creating card for character: Elianore 'Eli' Quasar
2026-01-01 22:21:28,914 - INFO - Creating card for character: Kaelin Vexar
2026-01-01 22:21:28,983 - INFO - Creating card for character: Kaelin \\"The Fox\\",
  
2026-01-01 22:21:29,027 - INFO - Set character_widget project_id to 3
2026-01-01 22:22:57,500 - INFO - Unloading model and freeing VRAM...
2026-01-01 22:22:57,809 - INFO - Application exited cleanly.
2026-01-01 22:22:57,809 - INFO - App shutdown complete.
2026-01-01 22:25:55,548 - INFO - Starting Story Bible App - PyQt6 Version
2026-01-01 22:25:55,549 - INFO - Database initialized at /home/sabona/Downloads/Telegram Desktop/ai-desktop-assist/data/story_bible.db
2026-01-01 22:25:55,550 - INFO - Loading model from /home/sabona/Downloads/Telegram Desktop/ai-desktop-assist/models/llama/Meta-Llama-3.1-8B-Instruct-Q4_K_M.gguf with n_gpu_layers=-1
2026-01-01 22:25:57,286 - INFO - Model loaded successfully.
2026-01-01 22:25:57,348 - INFO - Background image loaded: /home/sabona/Downloads/Telegram Desktop/ai-desktop-assist/src/ui/assets/backgroundimg.png
2026-01-01 22:27:32,981 - INFO - Unloading model and freeing VRAM...
2026-01-01 22:27:33,305 - INFO - Application exited cleanly.
2026-01-01 22:27:33,305 - INFO - App shutdown complete.
2026-01-01 22:27:40,933 - INFO - Starting Story Bible App - PyQt6 Version
2026-01-01 22:27:40,934 - INFO - Database initialized at /home/sabona/Downloads/Telegram Desktop/ai-desktop-assist/data/story_bible.db
2026-01-01 22:27:40,934 - INFO - Loading model from /home/sabona/Downloads/Telegram Desktop/ai-desktop-assist/models/llama/Meta-Llama-3.1-8B-Instruct-Q4_K_M.gguf with n_gpu_layers=-1
2026-01-01 22:27:42,649 - INFO - Model loaded successfully.
2026-01-01 22:27:42,721 - INFO - Background image loaded: /home/sabona/Downloads/Telegram Desktop/ai-desktop-assist/src/ui/assets/backgroundimg.png
2026-01-01 22:33:09,877 - INFO - Unloading model and freeing VRAM...
2026-01-01 22:33:10,066 - INFO - Application exited cleanly.
2026-01-01 22:33:10,066 - INFO - App shutdown complete.
2026-01-01 22:36:19,603 - INFO - Starting Story Bible App - PyQt6 Version
2026-01-01 22:36:19,605 - INFO - Database initialized at /home/sabona/Downloads/Telegram Desktop/ai-desktop-assist/data/story_bible.db
2026-01-01 22:36:19,605 - INFO - Loading model from /home/sabona/Downloads/Telegram Desktop/ai-desktop-assist/models/llama/Meta-Llama-3.1-8B-Instruct-Q4_K_M.gguf with n_gpu_layers=-1
2026-01-01 22:36:21,489 - INFO - Model loaded successfully.
2026-01-01 22:36:21,563 - INFO - Background image loaded: /home/sabona/Downloads/Telegram Desktop/ai-desktop-assist/src/ui/assets/backgroundimg.png
2026-01-01 22:37:20,032 - INFO - Format action applied: underline
2026-01-01 22:37:23,472 - INFO - Format action applied: underline
2026-01-01 22:37:24,262 - INFO - Format action applied: underline
2026-01-01 22:37:25,318 - INFO - Format action applied: strikethrough
2026-01-01 22:37:26,032 - INFO - Format action applied: strikethrough
2026-01-01 22:37:27,088 - INFO - Format action applied: italic
2026-01-01 22:37:28,951 - INFO - Format action applied: bold
2026-01-01 22:37:38,289 - INFO - Format action applied: font
2026-01-01 22:37:42,710 - INFO - Format action applied: underline
2026-01-01 22:37:44,887 - INFO - Format action applied: strikethrough
2026-01-01 22:37:46,265 - INFO - Format action applied: bullet
2026-01-01 22:37:50,686 - INFO - Format action applied: strikethrough
2026-01-01 22:44:24,413 - INFO - Starting Story Bible App - PyQt6 Version
2026-01-01 22:44:24,414 - INFO - Database initialized at /home/sabona/Downloads/Telegram Desktop/ai-desktop-assist/data/story_bible.db
2026-01-01 22:44:24,415 - INFO - Loading model from /home/sabona/Downloads/Telegram Desktop/ai-desktop-assist/models/llama/Meta-Llama-3.1-8B-Instruct-Q4_K_M.gguf with n_gpu_layers=-1
2026-01-01 22:44:29,066 - INFO - Model loaded successfully.
2026-01-01 22:44:29,140 - INFO - Background image loaded: /home/sabona/Downloads/Telegram Desktop/ai-desktop-assist/src/ui/assets/backgroundimg.png
2026-01-01 22:44:32,830 - INFO - Unloading model and freeing VRAM...
2026-01-01 22:44:33,257 - INFO - Application exited cleanly.
2026-01-01 22:44:33,257 - INFO - App shutdown complete.
2026-01-01 22:44:36,144 - INFO - Starting Story Bible App - PyQt6 Version
2026-01-01 22:44:36,145 - INFO - Database initialized at /home/sabona/Downloads/Telegram Desktop/ai-desktop-assist/data/story_bible.db
2026-01-01 22:44:36,145 - INFO - Loading model from /home/sabona/Downloads/Telegram Desktop/ai-desktop-assist/models/llama/Meta-Llama-3.1-8B-Instruct-Q4_K_M.gguf with n_gpu_layers=-1
2026-01-01 22:44:38,381 - INFO - Model loaded successfully.
2026-01-01 22:44:38,444 - INFO - Background image loaded: /home/sabona/Downloads/Telegram Desktop/ai-desktop-assist/src/ui/assets/backgroundimg.png
2026-01-01 22:44:46,823 - INFO - Format action applied: bold
2026-01-01 22:44:47,715 - INFO - Format action applied: italic
2026-01-01 22:44:48,763 - INFO - Format action applied: underline
2026-01-01 22:44:50,055 - INFO - Format action applied: strikethrough
2026-01-01 22:44:51,064 - INFO - Format action applied: underline
2026-01-01 22:44:56,405 - INFO - Format action applied: h3
2026-01-01 22:45:00,933 - INFO - Format action applied: h3
2026-01-01 22:45:04,470 - INFO - Format action applied: h1
2026-01-01 22:45:13,017 - INFO - Format action applied: font
2026-01-01 22:45:14,709 - INFO - Format action applied: h1
2026-01-01 22:45:15,366 - INFO - Format action applied: h1
2026-01-01 22:45:18,693 - INFO - Format action applied: h1
2026-01-01 22:45:20,289 - INFO - Format action applied: undo
2026-01-01 22:45:23,824 - INFO - Format action applied: h1
2026-01-01 22:45:24,801 - INFO - Format action applied: h2
2026-01-01 22:45:38,755 - INFO - CharacterWidget.set_project_id called with project_id=3
2026-01-01 22:45:38,756 - INFO - CharacterWidget._load_characters called with project_id=3
2026-01-01 22:45:38,758 - INFO - CharacterWidget: Found 3 characters for project 3
2026-01-01 22:45:38,758 - INFO - Creating card for character: Elianore 'Eli' Quasar
2026-01-01 22:45:38,965 - INFO - Creating card for character: Kaelin Vexar
2026-01-01 22:45:39,027 - INFO - Creating card for character: Kaelin \\"The Fox\\",
  
2026-01-01 22:45:39,088 - INFO - Set character_widget project_id to 3
2026-01-01 22:46:15,973 - INFO - Toolbar action: rewrite - Dramatic
2026-01-01 22:46:15,976 - INFO - Generating AI response...
2026-01-01 22:49:36,497 - INFO - Format action applied: undo
2026-01-01 22:49:37,149 - INFO - Format action applied: undo
2026-01-01 22:49:37,573 - INFO - Format action applied: undo
2026-01-01 22:49:37,866 - INFO - Format action applied: undo
2026-01-01 22:49:38,355 - INFO - Format action applied: undo
2026-01-01 22:49:38,843 - INFO - Format action applied: undo
2026-01-01 22:49:39,449 - INFO - Format action applied: undo
2026-01-01 22:49:40,091 - INFO - Format action applied: undo
2026-01-01 22:49:40,929 - INFO - Format action applied: undo
2026-01-01 22:49:41,556 - INFO - Format action applied: undo
2026-01-01 22:49:42,435 - INFO - Format action applied: undo
2026-01-01 22:49:43,156 - INFO - Format action applied: undo
2026-01-01 22:49:47,242 - INFO - Format action applied: undo
2026-01-01 22:49:47,849 - INFO - Format action applied: undo
2026-01-01 22:49:48,843 - INFO - Format action applied: redo
2026-01-01 22:49:49,611 - INFO - Format action applied: redo
2026-01-01 22:49:51,509 - INFO - Format action applied: redo
2026-01-01 22:49:52,098 - INFO - Format action applied: redo
2026-01-01 22:49:52,402 - INFO - Format action applied: redo
2026-01-01 22:49:52,620 - INFO - Format action applied: redo
2026-01-01 22:49:53,748 - INFO - Format action applied: undo
2026-01-01 22:49:53,914 - INFO - Format action applied: undo
2026-01-01 22:49:54,106 - INFO - Format action applied: undo
2026-01-01 22:49:54,306 - INFO - Format action applied: undo
2026-01-01 22:49:54,492 - INFO - Format action applied: undo
2026-01-01 22:49:54,699 - INFO - Format action applied: undo
2026-01-01 22:49:54,898 - INFO - Format action applied: undo
2026-01-01 22:49:55,122 - INFO - Format action applied: undo
2026-01-01 22:49:55,619 - INFO - Format action applied: undo
2026-01-01 22:49:55,805 - INFO - Format action applied: undo
2026-01-01 22:49:56,015 - INFO - Format action applied: undo
2026-01-01 22:49:56,202 - INFO - Format action applied: undo
2026-01-01 22:49:57,458 - INFO - Format action applied: redo
2026-01-01 22:49:58,434 - INFO - Format action applied: undo
2026-01-01 22:50:01,051 - INFO - Format action applied: redo
2026-01-01 22:50:01,574 - INFO - Format action applied: redo
2026-01-01 22:50:02,218 - INFO - Format action applied: redo
2026-01-01 22:50:02,543 - INFO - Format action applied: redo
2026-01-01 22:50:02,740 - INFO - Format action applied: redo
2026-01-01 22:50:02,938 - INFO - Format action applied: redo
2026-01-01 22:50:03,130 - INFO - Format action applied: redo
2026-01-01 22:50:03,324 - INFO - Format action applied: redo
2026-01-01 22:50:03,522 - INFO - Format action applied: redo
2026-01-01 22:50:03,731 - INFO - Format action applied: redo
2026-01-01 22:50:03,922 - INFO - Format action applied: redo
2026-01-01 22:50:04,115 - INFO - Format action applied: redo
2026-01-01 22:50:04,355 - INFO - Format action applied: redo
2026-01-01 22:50:04,539 - INFO - Format action applied: redo
2026-01-01 22:50:04,731 - INFO - Format action applied: redo
2026-01-01 22:51:07,401 - INFO - Toolbar action: describe - Sight
2026-01-01 22:51:07,403 - INFO - Generating AI response...
2026-01-01 22:58:17,055 - INFO - Unloading model and freeing VRAM...
2026-01-01 22:58:17,480 - INFO - Application exited cleanly.
2026-01-01 22:58:17,480 - INFO - App shutdown complete.
2026-01-01 23:22:58,552 - INFO - Starting Story Bible App - PyQt6 Version
2026-01-01 23:22:58,553 - INFO - Database initialized at /home/sabona/Downloads/Telegram Desktop/ai-desktop-assist/data/story_bible.db
2026-01-01 23:22:58,554 - INFO - Loading model from /home/sabona/Downloads/Telegram Desktop/ai-desktop-assist/models/llama/Meta-Llama-3.1-8B-Instruct-Q4_K_M.gguf with n_gpu_layers=-1
2026-01-01 23:23:01,113 - INFO - Model loaded successfully.
2026-01-01 23:23:01,189 - INFO - Background image loaded: /home/sabona/Downloads/Telegram Desktop/ai-desktop-assist/src/ui/assets/backgroundimg.png
2026-01-01 23:23:08,913 - INFO - CharacterWidget.set_project_id called with project_id=3
2026-01-01 23:23:08,914 - INFO - CharacterWidget._load_characters called with project_id=3
2026-01-01 23:23:08,916 - INFO - CharacterWidget: Found 3 characters for project 3
2026-01-01 23:23:08,917 - INFO - Creating card for character: Elianore 'Eli' Quasar
2026-01-01 23:23:09,136 - INFO - Creating card for character: Kaelin Vexar
2026-01-01 23:23:09,250 - INFO - Creating card for character: Kaelin \\"The Fox\\",
  
2026-01-01 23:23:09,293 - INFO - Set character_widget project_id to 3
2026-01-01 23:23:37,300 - INFO - Character 4 visibility: True
2026-01-02 02:29:49,918 - INFO - Starting Story Bible App - PyQt6 Version
2026-01-02 02:29:49,921 - INFO - Database initialized at /home/sabona/Downloads/Telegram Desktop/ai-desktop-assist/data/story_bible.db
2026-01-02 02:29:49,921 - INFO - Loading model from /home/sabona/Downloads/Telegram Desktop/ai-desktop-assist/models/llama/Meta-Llama-3.1-8B-Instruct-Q4_K_M.gguf with n_gpu_layers=-1
2026-01-02 02:29:53,504 - INFO - Model loaded successfully.
2026-01-02 02:29:53,658 - INFO - Background image loaded: /home/sabona/Downloads/Telegram Desktop/ai-desktop-assist/src/ui/assets/backgroundimg.png
2026-01-02 02:29:59,732 - INFO - CharacterWidget.set_project_id called with project_id=3
2026-01-02 02:29:59,732 - INFO - CharacterWidget._load_characters called with project_id=3
2026-01-02 02:29:59,742 - INFO - CharacterWidget: Found 3 characters for project 3
2026-01-02 02:29:59,742 - INFO - Creating card for character: Elianore 'Eli' Quasar
2026-01-02 02:29:59,949 - INFO - Creating card for character: Kaelin Vexar
2026-01-02 02:30:00,008 - INFO - Creating card for character: Kaelin \\"The Fox\\",
  
2026-01-02 02:30:00,049 - INFO - Set character_widget project_id to 3
2026-01-02 02:53:48,836 - INFO - Unloading model and freeing VRAM...
2026-01-02 02:53:49,118 - INFO - Application exited cleanly.
2026-01-02 02:53:49,118 - INFO - App shutdown complete.
